company_id	contributor_id
1	233
1	234
1	235
1	236
1	237
1	238
1	239
1	240
1	241
1	242
1	243
1	244
1	245
1	246
1	247
1	248
1	249
1	250
1	251
1	252
1	253
1	254
1	255
1	256
1	257
1	258
1	259
1	260
1	261
1	262
2	774
2	775
2	776
2	757
2	341
2	777
2	778
2	779
2	780
2	781
2	782
2	783
2	784
2	785
2	578
2	786
2	787
2	788
2	789
2	790
2	791
2	792
2	793
2	794
2	795
2	796
2	401
2	797
2	798
2	799
3	859
3	801
3	802
3	813
3	804
3	857
3	806
3	800
3	805
3	814
3	919
3	807
3	920
3	921
3	922
3	923
3	803
3	901
4	1154
4	1155
4	1125
4	1156
4	1157
4	1158
4	1159
4	977
4	1160
4	979
4	1072
4	996
4	1161
4	1033
4	1103
4	1162
4	1163
4	962
4	932
4	1164
4	1075
4	1066
4	1165
4	1166
4	1023
4	1167
4	1168
4	1169
4	1170
4	1171
5	1584
5	1585
5	1586
5	1587
5	1588
5	1589
5	1590
5	1591
5	1592
5	1330
5	1285
5	1593
5	1594
5	1595
5	1596
5	1597
5	1349
5	1598
5	1400
5	1599
5	1600
5	1179
5	1601
5	1602
5	1188
5	1603
5	1248
5	1604
5	1605
5	1606
6	1874
6	1893
6	1894
6	1895
6	1896
6	1897
6	1668
6	1771
6	1898
6	1899
6	1900
6	1901
6	1902
6	1903
6	1904
6	1608
6	1658
6	1905
6	1906
6	1907
6	1792
6	1807
6	1908
6	1909
6	1910
6	1911
6	1912
6	1913
6	1914
6	1915
7	228
7	1936
7	2078
7	2256
7	2023
7	2014
7	2071
7	2257
7	2216
7	2088
7	2222
7	2081
7	2258
7	1962
7	2259
7	1976
7	1923
7	1974
7	2098
7	1929
7	2013
7	2260
7	2261
7	1918
7	1941
7	2039
7	2262
7	1985
7	2036
7	2263
8	2276
8	1899
8	2265
8	2406
8	2071
8	2348
8	1913
8	2513
8	217
8	2444
8	2313
8	867
8	2090
8	2266
8	2268
8	2368
8	2388
8	1114
8	897
8	2289
8	2264
8	2315
8	2311
8	2350
8	213
8	2364
8	2351
8	2407
8	2230
8	2267
9	2684
9	2685
9	2560
9	2686
9	2687
9	2688
9	2689
9	2631
9	2690
9	2691
9	2692
9	2693
9	2563
9	2694
9	2695
9	2696
9	2697
9	2698
9	2699
9	2519
9	2700
9	147
9	2525
9	2616
9	2644
9	2701
9	2573
9	2526
9	2702
9	2522
10	2705
10	2708
10	2707
10	3027
10	2725
10	2732
10	3028
10	2706
10	2704
10	2710
10	2787
10	2408
10	2709
10	2724
10	2822
10	2923
10	2795
10	2712
10	2816
11	459
11	3193
11	190
11	204
12	3368
12	3369
12	3269
12	3242
12	3066
12	3257
12	3283
12	3222
12	3370
12	3371
12	3201
12	3270
12	3372
12	3373
12	3258
12	3374
12	3060
12	3062
12	3265
12	3058
12	3266
12	3321
12	3065
12	3064
12	3262
12	3375
12	3238
12	3376
12	1282
12	3377
13	1102
13	1593
13	1274
13	3414
13	3411
13	1275
13	3415
13	3416
13	1255
13	1269
13	1105
13	1259
13	1279
13	3417
13	3418
13	1447
13	1256
13	1263
13	1257
13	1260
13	3378
13	1262
13	1484
13	3419
13	3197
13	3381
13	1271
13	1172
13	3420
13	1264
14	3626
14	3475
14	3486
14	3438
14	3627
14	3549
14	3628
14	3629
14	3630
14	3504
14	3600
14	3631
14	3423
14	3632
14	3431
14	3429
14	3633
14	3634
14	3427
14	3434
14	3635
14	3470
14	3636
14	3435
14	3432
14	3494
14	3436
14	3587
14	3425
14	3637
15	3654
15	3668
15	3661
15	3666
15	3651
15	3647
15	3827
15	3652
15	3702
15	3676
15	3641
15	3643
15	3686
15	3828
15	3829
15	3662
15	3830
15	3831
15	3638
15	3832
15	3833
15	3659
15	3646
15	3698
15	3834
15	3653
16	4051
16	4055
16	4056
16	4057
16	4058
16	4059
16	4052
16	4060
16	4061
16	4062
16	4063
16	4064
16	4065
16	4066
16	4067
16	4068
16	4069
16	4070
16	4071
16	794
16	4072
16	4073
16	4016
16	4074
16	4075
16	4076
16	3848
16	3991
16	4077
16	4078
17	4455
17	4456
17	4457
17	4458
17	4459
17	4460
17	4461
17	4462
17	4463
17	4464
17	4465
17	4466
17	4311
17	4454
17	4467
17	4468
17	4469
17	4470
17	4394
17	4471
17	4333
17	4472
17	4473
17	4474
17	4475
17	4476
17	4477
17	4478
17	4479
17	4424
18	4632
18	4482
18	4760
18	4761
18	4486
18	4762
18	4716
18	4513
18	4514
18	4540
18	4763
18	4764
18	4647
18	4506
18	4559
18	4498
18	4717
18	4689
18	4765
18	4766
18	4767
18	4530
18	4768
18	4769
18	4770
18	4771
18	4692
18	4635
18	4772
18	4630
19	4773
19	4777
19	4775
19	828
19	4774
20	4894
20	4888
20	5003
20	4882
20	5004
20	4825
20	5005
20	5006
20	5007
20	5008
20	4828
20	4817
20	4906
20	4880
20	5009
20	5010
20	4808
20	5011
20	5012
20	5013
20	5014
21	5015
21	5016
21	5017
21	5018
21	5019
21	5020
21	5021
21	5022
21	5023
21	5024
21	5025
21	5026
21	5027
21	5028
21	5029
21	5030
21	5031
21	5032
21	5033
21	5034
21	5035
21	5036
21	5037
21	5038
21	5039
21	5040
21	5041
21	5042
21	5043
21	5044
22	5358
22	5253
22	5138
22	5185
22	5273
22	5115
22	5377
22	5073
22	5116
22	5097
22	5119
22	5297
22	5375
22	5403
22	5051
22	2011
22	2698
22	813
22	5118
22	5356
22	5404
22	5169
22	5078
22	5143
22	5142
22	5061
22	5121
22	5048
22	5088
22	5167
24	5630
24	851
24	5586
24	4703
24	5588
24	5646
24	5692
24	5697
24	5633
24	5710
24	5632
24	5791
24	1234
24	5584
24	5779
24	5712
24	5628
24	5592
24	5653
24	5599
24	5930
24	5931
24	5716
24	5583
24	5707
25	5933
25	5932
25	5934
25	5947
25	6048
25	6013
25	6014
25	5964
25	5942
25	5938
25	2111
25	6049
25	5939
25	5935
26	6107
26	6108
26	6109
26	6110
26	6111
26	6112
26	6052
26	6113
26	6114
26	6115
26	6086
26	6116
26	6117
26	6118
26	6119
26	6120
26	6121
26	6122
26	6123
26	6124
26	6125
26	6126
26	6127
26	6128
26	6129
26	6059
26	6130
26	6131
26	6081
26	6132
27	6237
27	6197
27	6275
27	6314
27	6315
27	2719
27	6182
27	6316
27	6317
27	6318
27	6191
27	6319
27	6320
27	6252
27	6321
27	6238
27	802
27	6264
27	6322
27	6323
27	6324
27	6171
27	6299
27	6162
27	6325
27	6326
27	6177
27	6168
27	6184
27	2040
28	6332
28	1589
28	1594
28	2257
28	6507
28	6459
28	1600
28	6369
28	1603
28	1606
28	1191
28	859
28	6340
28	6484
28	6422
28	6508
28	6509
28	6510
28	6511
28	1180
28	6512
28	6336
28	6513
28	6385
28	6514
28	6339
28	6515
28	6344
28	1355
28	6342
29	6715
29	6716
29	6717
29	6579
29	3463
29	6635
29	6718
29	6719
29	6525
29	6720
29	6721
29	6535
29	6621
29	6722
29	6723
29	6724
29	6668
29	6649
29	6725
29	6726
29	6727
29	6578
29	6603
29	4614
29	6546
29	6663
29	6728
29	6729
29	6730
29	6528
30	6955
30	6956
30	6957
30	6743
30	6756
30	6371
30	6735
30	6958
30	6734
30	6959
30	6731
30	6740
30	5110
30	6744
31	7130
31	7086
31	6962
31	4955
31	7008
31	7016
31	7131
31	7017
31	2011
31	6960
31	7050
31	7010
31	7132
31	7133
31	7134
31	3587
31	7135
31	6993
31	7007
31	6971
31	6974
31	7136
31	7137
31	3699
32	4461
32	4315
32	7207
32	4122
33	7271
33	7346
33	7347
33	7348
33	7211
33	1300
33	7349
33	7326
33	7344
33	7350
34	7479
34	7459
34	7386
34	6314
34	7375
34	7624
34	7663
34	7664
34	7665
34	7666
34	7466
34	2892
34	7491
34	7419
34	7351
34	7667
34	7668
34	7400
34	7669
34	1945
34	7670
34	7440
34	7510
34	7671
34	7557
34	7464
34	7622
34	7528
34	7672
34	7353
35	2216
35	1976
35	2215
35	7973
35	2262
35	7704
35	1945
35	7706
35	7927
35	1930
35	7974
35	1984
35	7723
35	1920
35	6924
35	736
35	1982
35	2915
35	7674
35	7673
35	803
36	8014
36	8022
36	8346
36	7976
36	7987
36	7978
36	8158
36	7975
36	7993
36	8026
37	2036
37	2043
37	2020
37	2044
37	8381
37	8365
37	2021
37	2041
37	2049
38	8382
38	8383
39	8517
39	8552
39	8520
39	8551
39	8553
39	8554
39	8453
39	8555
39	8556
39	8433
39	8477
39	1257
39	1484
39	8557
39	8558
39	8550
39	8430
39	8559
39	8560
40	8562
40	8574
40	8564
40	8561
41	8666
41	9023
41	8649
41	9024
41	8648
41	8708
41	6793
41	8707
41	8640
41	6844
41	8662
41	6868
41	6843
41	8684
41	8683
41	8709
41	9025
41	8673
41	9026
41	8844
41	9020
41	9027
41	9028
41	6848
41	8787
41	8829
41	6846
41	6805
41	8627
41	8784
42	9138
42	9215
42	6182
42	9174
42	9030
42	9037
42	9216
42	9035
42	9039
42	9029
42	9045
43	9458
43	9459
43	9247
43	9460
43	9461
43	9289
43	9462
43	9463
43	9464
43	9465
43	9466
43	9467
43	9468
43	9469
43	9470
43	9471
43	9361
43	9472
43	9473
43	9304
43	9474
43	9280
43	9475
43	9476
43	9477
43	9478
43	9224
43	9479
43	3414
43	9480
44	9488
44	9506
44	9483
45	228
45	9628
45	2071
45	2224
45	2011
45	2399
45	9835
45	9611
45	7974
45	379
45	213
45	9649
45	9734
45	9636
45	9618
45	9658
45	2878
45	2439
45	9625
45	1982
45	9635
45	2440
45	6019
45	2349
46	1937
46	2223
46	9839
46	2911
46	1114
46	9840
46	9858
46	9859
47	9875
47	9873
47	9897
47	9903
47	9879
48	9921
48	9907
48	10021
48	1191
48	9918
48	10040
48	9916
48	9905
48	10041
48	1180
48	10042
48	10043
48	848
48	10044
48	4970
48	10045
48	10046
48	1466
48	10047
48	10048
48	9968
48	1222
48	9908
48	10049
48	9909
48	5332
48	10050
48	9926
48	342
48	10007
49	10122
49	10076
49	10073
49	10075
49	10074
49	10123
49	10124
49	10125
49	10102
49	10126
49	10127
49	954
49	10128
49	10129
50	1944
50	3202
50	10171
50	10179
50	10276
50	10138
50	10186
50	10277
50	10177
50	10164
50	7876
50	10172
50	10278
50	10145
50	10131
50	10173
50	10267
50	10279
50	10158
50	10130
50	3528
50	10280
50	10168
51	10330
51	10322
51	7149
51	5192
51	10327
51	10301
51	3415
51	5059
51	10349
51	10304
51	10282
51	10283
51	10295
51	10329
51	10309
51	10320
51	10482
51	2143
51	10334
51	10298
51	10305
51	10300
51	10142
51	10308
51	2993
51	10281
51	10326
51	10306
51	10285
51	2813
52	10532
52	10655
52	10656
52	10657
52	4172
52	10658
52	10659
52	10612
52	10606
52	10660
52	10544
52	10505
52	10498
52	10548
52	10523
52	4208
52	10489
52	10661
52	10662
52	10495
52	10663
52	10609
52	7775
52	10664
52	10665
52	10666
52	10667
52	10628
53	10788
53	4133
53	10673
53	3128
53	10671
53	10789
53	10790
53	10669
53	10791
53	10684
53	10751
53	10792
53	10793
53	10756
53	10755
53	10794
53	10787
53	10795
53	10668
54	10810
54	10800
54	10917
54	10815
54	11082
54	10803
54	8777
54	10809
54	10802
54	900
54	10799
54	11083
54	10923
54	10816
54	10804
54	11084
54	10937
54	10796
54	1200
54	10798
54	10801
54	4809
54	11057
54	10797
55	11356
55	11357
55	11160
55	11159
55	11358
55	11359
55	11360
55	11361
55	11362
55	11363
55	11364
55	11365
55	11366
55	11367
55	11368
55	11369
55	11370
55	11371
55	11372
55	812
55	11373
55	11374
55	11155
55	11375
55	11096
55	11376
55	11377
55	11378
55	11092
55	11379
56	11402
56	11383
56	1883
56	11380
56	6146
57	11411
57	11425
57	11569
57	11436
57	5672
57	11048
57	11417
57	8668
57	11413
57	11470
57	1189
57	11423
57	11447
57	11420
57	11570
57	11571
57	11462
57	11427
57	11522
57	11465
57	5028
57	11426
57	11409
57	11520
57	11467
57	11445
57	11564
57	1722
57	11572
57	11418
58	11670
58	11589
58	11712
58	11582
58	11713
58	11714
58	11715
58	11675
58	11591
58	11600
58	11716
58	11717
58	11718
58	11719
58	11720
58	11721
58	11722
58	11723
58	11724
58	11609
58	11725
58	11650
58	11726
58	11727
58	11627
58	11728
58	11581
58	4126
58	11573
58	11682
59	3755
59	11731
59	11732
59	11847
59	3753
59	11742
59	11782
59	11783
59	11735
59	3754
59	11734
59	464
59	11729
59	11745
59	11730
59	11743
59	3756
59	1503
59	9493
60	11930
60	11882
60	12007
60	12008
60	12009
60	11898
60	11986
60	12010
60	11979
60	11952
60	11963
60	12011
60	12012
60	11945
60	12013
60	12014
60	12015
60	12016
60	11940
60	11961
60	6799
60	12000
60	12017
60	12018
60	12019
60	12020
60	12021
60	12022
60	12023
60	12024
61	12127
61	12043
61	12118
61	12128
61	12107
61	12074
61	12030
61	12034
61	12027
61	12031
61	12091
61	12114
61	12057
61	12129
61	12113
61	12032
61	12050
61	12042
61	12047
61	12088
61	12102
61	12094
61	12110
61	12093
61	12082
61	12071
61	12124
61	4300
61	12025
61	12052
62	12154
62	12131
63	12205
63	2520
63	8303
63	12218
63	12219
63	12178
63	12220
63	12221
63	12222
63	12210
63	12223
63	12155
63	12224
63	12225
63	12226
63	12227
63	12228
63	12202
63	12204
63	12229
63	6335
63	12158
63	12212
63	12230
63	12231
63	12159
63	12232
63	12233
63	12234
64	12235
64	5643
64	12238
64	12237
64	1952
64	213
64	6878
64	1982
64	2162
64	8373
65	12274
65	12280
65	12284
65	12275
65	12283
65	11661
65	6511
65	12281
65	12273
65	12278
65	12286
65	12269
65	12277
65	12338
65	7834
65	12285
65	12267
65	9616
65	2389
65	12272
65	12366
65	2993
65	12268
65	12287
66	12367
67	12434
67	5986
67	5982
67	5984
67	5983
67	12431
67	12432
67	5985
68	12720
68	12721
68	12722
68	12587
68	12723
68	12569
68	12724
68	1163
68	12725
68	12580
68	12726
68	12727
68	12728
68	12729
68	12577
68	12573
68	12682
68	4674
68	12730
68	12731
68	1142
68	12704
68	12688
68	12705
68	4686
68	12576
68	12683
68	12583
68	4625
68	4671
69	12743
69	5292
69	12732
69	12740
69	12746
69	12750
69	5642
69	12737
69	10146
69	12735
69	12741
69	12734
69	8095
69	12736
70	5933
70	228
70	259
70	13029
70	13030
70	13031
70	2220
70	13032
70	12982
70	5428
70	12984
70	13033
70	2224
70	2226
70	12947
70	12958
70	2517
70	13034
70	12981
70	13035
70	12954
70	9629
70	12924
70	3156
70	13036
70	13037
70	13038
70	62
70	13039
70	2225
71	13390
71	13248
71	4533
71	13391
71	9971
71	13184
71	13392
71	13231
71	13393
71	13340
71	13141
71	13194
71	13068
71	13394
71	13395
71	13196
71	13396
71	13107
71	13255
71	13165
71	13091
71	13397
71	13398
71	13399
71	13102
71	13096
71	13271
71	13053
71	13400
71	13076
72	13510
72	12666
72	245
72	13420
72	13509
72	11180
72	12616
72	13403
72	13530
72	13438
72	13583
72	13432
72	13430
72	13499
72	13647
72	13674
72	13560
72	13675
72	12703
72	13505
72	13498
72	13513
72	13514
72	13676
72	13677
72	13474
72	13471
72	13592
72	13668
72	13459
73	13859
73	13710
73	13716
73	13709
74	241
74	13984
74	13985
74	13030
74	13986
74	13987
74	13988
74	13989
74	13933
74	13990
74	13991
74	13992
74	13918
74	13888
74	13891
74	13993
74	13994
74	13995
74	9781
74	13403
74	13996
74	13997
74	13998
74	13999
74	14000
74	14001
74	13929
74	8931
74	14002
74	4486
75	14009
75	7723
75	14007
75	14010
75	14011
75	4782
76	14079
76	14078
77	14220
77	2062
77	7727
77	14273
77	14135
77	14215
77	14274
77	6196
77	14122
77	14192
77	14181
77	3630
77	6319
77	14134
77	14126
77	14224
77	14210
77	14275
77	6326
77	14216
77	14225
77	14276
77	4120
77	14218
77	7749
77	14120
77	3469
77	6280
77	6293
77	14123
78	14456
78	4078
78	14457
78	14458
78	14459
78	14460
78	14312
78	14461
78	14452
78	14361
78	14418
78	14462
78	14463
78	14464
78	14347
78	14465
78	14466
78	14399
78	14449
78	14467
78	14468
78	14469
78	14470
78	14369
78	14471
78	14472
78	14473
78	14287
78	14346
78	14344
79	6683
79	14484
79	14476
79	14477
79	14506
79	14485
79	14497
79	14517
79	14481
79	14474
79	14488
79	746
79	14518
79	14519
80	14691
80	14692
80	14693
80	3510
80	3827
80	14694
80	3511
80	14695
80	14696
80	14697
80	14698
80	14699
80	14656
80	14700
80	14593
80	14583
80	14701
80	14620
80	14540
80	14702
80	3513
80	14703
80	3519
80	14581
80	14539
80	14704
80	14662
80	14705
80	14706
80	3540
81	14858
81	14879
81	14880
81	7797
81	14881
81	14882
81	14883
81	14884
81	14725
81	14885
81	9695
81	14886
81	14887
81	14888
81	14889
81	14712
81	14890
81	14707
81	2311
81	14709
81	14891
81	14715
81	14863
81	14892
81	14708
81	14893
81	14713
81	14894
81	14842
81	2591
82	14897
82	15139
82	15055
82	7377
82	14942
82	14905
82	14925
82	14908
82	14903
82	15040
82	15050
82	14917
82	14901
82	15258
82	14907
82	15259
82	14918
83	15279
83	13390
83	15280
83	15281
83	15282
83	15283
83	1298
83	15284
83	15285
83	15286
83	15287
83	15288
83	15289
83	15290
83	15291
83	15292
83	15293
83	15294
83	15295
83	15296
83	15297
83	15298
83	15299
83	15300
83	15301
83	15302
83	15303
83	15304
83	15305
83	15306
84	228
84	15360
84	15361
84	15362
84	15319
84	865
84	15363
84	864
84	15364
84	15365
84	7731
84	1974
84	15366
84	14740
84	15367
84	15368
84	15369
84	15324
84	15370
84	15371
84	12945
84	15372
84	15373
84	15374
84	8583
84	15328
84	15313
84	1126
84	15375
84	15376
85	15521
85	15431
85	15522
85	15523
85	15524
85	15439
85	3034
85	15525
85	6973
85	15526
85	15504
85	15527
85	15528
85	15388
85	15529
85	15441
85	8450
85	13483
85	15378
85	15530
85	15392
85	1563
85	15531
85	15532
85	2629
85	15533
85	1205
85	15534
85	15407
85	15535
86	228
86	2071
86	15536
86	2882
86	379
86	2878
86	1982
86	2440
87	15609
87	1050
87	15630
87	6876
87	15580
87	15598
87	15618
87	15582
87	15639
87	15640
87	15619
87	15579
88	15656
88	15646
88	15644
88	15645
88	15648
88	15671
88	15670
88	15647
88	15641
88	15708
88	15723
88	15654
88	15658
88	15642
89	15868
89	15855
89	15831
89	15872
89	15767
89	15798
89	15900
89	15901
89	15844
89	4680
89	15759
89	15781
89	15902
89	15808
89	15763
89	15811
89	15903
89	15904
89	15905
89	15890
89	15871
89	15906
89	15815
89	15848
89	15907
89	15866
89	15908
89	15909
89	15789
89	15766
90	15914
90	15910
90	15976
90	15990
90	9840
90	9669
90	7674
91	16147
91	16148
91	16149
91	16053
91	16150
91	16151
91	16152
91	16153
91	16154
91	16155
91	16156
91	3984
91	16157
91	16158
91	16159
91	16160
91	16110
91	4507
91	16161
91	16162
91	16163
91	15882
91	16164
91	16165
91	16166
91	16167
91	4049
91	16168
91	16169
91	16170
93	11615
93	16376
93	11711
93	16358
93	11593
93	11651
93	16379
93	11604
93	3708
93	16359
93	16357
93	16366
93	16360
93	9733
93	11451
94	16722
94	8346
94	16505
94	4779
94	7991
94	16576
94	7986
94	16464
94	16622
94	16577
94	7978
94	16723
94	5791
94	16614
94	16617
94	16632
94	16536
94	16532
94	16573
94	16724
94	16725
94	8140
94	16533
94	16535
94	16566
94	16484
94	16628
95	16729
95	16802
95	16869
95	16870
95	16794
95	16728
95	16778
95	16871
95	16743
95	16745
95	16872
95	16808
95	16817
95	16839
95	16764
95	14698
95	16807
95	16873
95	16874
95	16804
95	16875
95	16876
95	16730
95	16727
95	16752
95	16877
95	7510
95	16878
95	16811
95	16737
96	16941
96	17092
96	17093
96	17094
96	17095
96	17096
96	16882
96	16906
96	16942
96	17097
96	17041
96	16926
96	17098
96	5924
96	17099
96	17100
96	17035
96	17101
96	17102
96	16916
96	17045
96	16967
96	16949
96	16932
96	16966
96	16928
96	17044
96	16880
96	3998
96	17103
97	15300
97	9971
97	17150
97	17149
97	17151
97	17152
97	17115
97	17153
97	17129
97	17154
97	17155
97	17156
97	17157
97	17158
97	17159
97	17160
97	17161
97	17162
97	17163
97	17106
97	17164
97	17165
97	17166
97	17167
97	17168
97	17169
97	1372
97	17108
97	17170
97	17113
98	17216
98	6888
98	17287
98	4123
98	17270
98	17188
98	17217
98	4122
98	4432
99	15386
99	17307
99	15378
99	15530
99	15534
99	15389
99	15384
99	8470
101	6354
101	17355
101	17357
102	17519
102	17486
102	17624
102	17517
102	17586
102	17614
102	17514
102	17506
102	17528
102	17629
102	4295
103	17691
103	2113
103	17692
103	3422
103	7875
103	17693
103	17655
103	17659
103	17689
103	17645
103	4122
104	17907
104	17787
104	17734
104	17973
104	17974
104	17786
104	17936
104	17975
104	17694
104	17833
104	17976
104	15670
104	17790
104	17977
104	17759
104	17834
104	17978
104	17962
104	12837
104	17756
104	17758
104	17979
104	17980
104	17981
104	17918
104	17884
104	17870
104	17733
104	17722
104	17982
105	12724
105	17984
105	14501
105	5324
105	17983
106	18073
106	18074
106	18098
106	18056
106	17186
106	17454
106	18057
106	18090
106	12245
107	18127
107	18128
107	12218
107	18129
107	18130
107	18131
107	18132
107	18133
107	18134
107	18135
107	18136
107	18137
107	18138
107	18139
108	17562
108	18313
108	18198
108	15385
108	18314
108	18199
108	15607
108	18206
108	18315
108	18210
108	18316
108	18140
108	18174
108	15717
108	18160
108	14533
108	18225
108	18279
109	18063
110	7170
110	6825
110	1251
110	18388
110	6817
110	18361
110	18379
111	1603
111	18497
111	1504
111	18540
111	18464
111	18458
111	18529
111	1350
111	1505
111	18541
112	1449
112	18678
112	18679
112	1255
112	18680
112	1105
112	18681
112	18648
112	18682
112	18683
112	1447
112	1256
112	18684
112	18685
112	18686
112	18664
112	18687
112	18688
112	1262
112	3381
112	3518
112	18689
112	10634
112	3392
112	18690
112	18653
112	3395
112	18567
112	18674
112	18691
113	1110
113	18712
113	18698
113	18695
113	18692
113	18693
113	10868
113	14551
113	18696
113	18744
113	10457
113	16117
113	18694
113	18708
114	18756
114	18804
114	18882
114	18883
114	18760
114	18884
114	18885
114	18758
114	18793
114	18886
114	18858
114	18887
114	18888
114	18889
114	18890
114	18764
114	18891
114	18892
114	18834
114	18893
115	18924
115	18991
115	18894
115	3029
115	18992
115	18897
115	18973
115	7452
115	9267
115	18922
115	18896
115	18993
115	18994
115	18995
115	18942
115	18902
117	19442
117	19576
117	19443
117	19467
117	19440
117	19441
117	19444
118	1590
118	19577
118	19584
118	18516
118	19641
118	1188
118	18459
118	19652
118	19613
118	19638
118	19616
118	632
118	18540
118	19601
118	19591
118	6513
118	19661
118	19615
118	1488
118	1531
118	1355
118	13040
118	19651
118	19578
118	1378
118	9597
118	19581
118	9604
118	19674
118	1350
119	19925
119	19704
119	15386
119	19695
119	19705
119	19926
119	19927
119	19706
119	14877
119	19711
119	19928
119	19857
119	19744
119	19719
119	4313
119	7547
119	19929
119	19930
119	19696
119	19931
119	2162
119	19932
119	19788
120	4132
120	20086
120	6394
120	1381
120	20088
120	20163
120	20112
120	19943
120	20116
120	20006
120	19976
120	19937
120	20106
120	19990
120	20164
120	19992
120	20165
120	19933
120	20005
120	20087
120	19946
120	13563
120	20094
120	20166
120	19934
120	20035
120	2878
120	20111
120	19978
120	19974
121	20308
121	20173
121	20168
121	20266
121	20246
121	20309
121	20310
121	7157
121	20268
121	20175
121	20311
122	20408
122	20316
122	15487
122	20317
122	20368
122	20313
122	20320
122	20312
122	20327
122	20333
122	20326
123	9868
123	20419
123	20420
123	20448
123	4432
123	20449
124	13387
124	851
124	20542
124	20480
124	18572
124	9287
124	20578
124	20579
124	18011
124	12246
124	7974
124	20510
124	3140
124	2418
124	13265
124	20464
125	20592
125	20603
125	20580
125	20673
127	8689
127	3418
127	20754
127	1222
127	20835
127	20771
127	20836
127	20758
128	2257
128	6507
128	6348
128	4121
128	20919
128	4282
128	9089
128	3423
128	2043
128	9612
128	20840
128	6351
128	6768
128	9721
128	3637
128	20842
128	3608
128	10539
128	3805
128	20837
129	20922
129	21022
129	21023
129	20943
129	21024
129	20929
129	20933
129	21025
129	3816
129	20931
129	21005
129	20936
130	21026
131	21234
131	21235
131	20255
132	4344
132	6323
132	21250
132	21236
133	21340
133	21279
133	21257
133	21341
133	21256
133	21342
133	14020
133	21261
133	21343
133	21269
133	21344
133	21265
133	21276
133	21324
133	21330
133	21327
134	14408
134	15845
134	21375
134	21348
134	15793
134	21346
134	18589
134	21347
135	21569
135	11810
135	21716
135	21594
135	21702
135	21717
135	21718
135	21719
135	9510
135	2018
135	21720
135	21721
135	21722
135	21723
135	21724
135	3244
135	21725
135	21726
135	21727
135	21562
135	21728
135	2572
135	3057
135	21585
135	21729
135	8702
135	15607
135	16897
135	21730
135	10298
136	18283
136	21803
136	21798
136	21735
136	21785
136	21760
136	21804
136	21757
137	21887
137	21808
137	21810
137	21814
137	21907
138	21908
138	21909
138	21911
139	12685
140	6237
140	14220
140	6281
140	21986
140	6238
140	6244
140	6248
140	6258
140	6240
140	2359
140	6250
140	6245
141	1493
141	22025
141	11804
141	682
141	22048
141	21141
141	22049
141	22024
141	1533
141	21130
141	1488
141	1531
141	716
141	270
141	21377
141	22023
141	1496
141	20296
141	22050
142	22137
142	22053
142	22052
142	22051
142	22061
142	22174
142	22055
142	22054
143	4276
143	22182
143	22205
143	22185
143	17829
143	22181
143	22197
143	22249
143	22343
143	22213
143	435
143	22177
143	22179
143	22176
143	22344
143	22178
143	22190
143	22175
144	22373
144	22346
144	22367
144	22345
145	14740
146	22438
146	22419
146	22435
146	22442
146	22411
146	14082
146	22454
146	22437
146	22474
146	7609
146	22439
146	22410
147	2257
147	22643
147	4675
147	22549
147	22644
147	22560
147	22553
147	11872
147	22556
147	19993
147	5775
147	5035
147	22550
147	5812
147	22552
147	22546
147	22645
147	1186
147	3187
147	22566
147	22646
147	3380
148	22676
148	22652
148	22677
148	22678
148	22679
148	22680
148	22647
148	22668
148	22655
148	22681
148	22653
148	22682
149	22808
149	22756
149	22689
149	22743
149	22782
149	22711
149	22683
150	22828
150	22846
150	22809
150	22847
150	21388
150	22811
150	22831
150	22822
151	9568
151	23013
151	23014
151	23015
151	23016
151	23017
151	23018
151	23019
151	23020
151	23004
151	23021
151	23022
151	22168
151	5924
151	23023
151	23024
151	22933
151	23025
151	22867
151	23026
151	23027
151	23028
151	23029
151	23030
151	23031
151	23032
151	17571
151	23033
151	23034
151	23035
152	22623
152	23066
152	23045
152	9248
152	23062
152	1563
152	9257
152	3187
152	23036
152	72
153	23250
153	23226
153	23126
153	23122
153	23123
153	23124
153	9292
155	241
155	23377
155	1871
155	23341
155	2628
155	23328
155	23378
155	23379
155	12982
155	2563
155	23380
155	23260
155	23284
155	6913
155	23381
155	23382
155	10109
155	23333
155	23293
155	23383
155	23321
155	23384
155	23270
155	23251
155	23385
155	23256
155	2702
155	23386
155	23387
155	23298
156	23414
156	23425
156	23409
156	23419
156	23410
156	23412
156	23408
156	23413
156	172
157	20790
157	23458
157	23461
157	23469
158	2276
158	23533
158	23598
158	23614
158	23529
158	16576
158	23600
158	23527
158	23530
158	23599
158	23610
158	23626
158	23526
158	23602
158	15571
158	23565
158	23556
158	5633
158	23534
158	23680
158	23532
158	1419
158	23615
158	23553
158	23597
158	2323
158	16634
158	23550
158	23613
158	23528
159	4094
159	23785
159	23694
159	20883
159	12015
159	17221
159	6799
159	9102
159	15943
159	23786
159	9611
159	6891
159	10695
159	23787
159	2311
159	15948
159	23788
159	10756
159	4122
159	4432
159	7064
159	9164
160	4533
160	13373
160	23828
160	17150
160	23829
160	23819
160	13225
160	23884
160	23867
160	13285
160	13378
160	23885
160	23797
160	23886
160	13383
160	13053
160	13212
160	13400
160	13163
160	23887
160	13379
160	23888
160	23799
160	13094
160	13369
160	23816
160	23808
160	23806
160	23889
160	13111
161	228
161	23891
161	23982
161	23983
161	23892
161	11259
161	13032
161	90
161	12982
161	13999
161	5539
161	23984
161	9127
161	12931
161	2224
161	23985
161	23949
161	12606
161	23986
161	23961
161	23987
161	19771
161	23960
161	17203
161	23988
161	23894
161	23989
161	12958
161	12928
161	23990
162	7170
162	7130
162	1251
162	6817
162	18361
162	18379
163	24042
164	24067
164	145
164	24085
164	24086
164	24087
165	24088
165	24282
165	24228
165	24089
165	24116
166	24326
166	24389
166	24391
166	24428
166	24336
166	24387
166	24390
166	24383
166	24304
166	24334
166	24333
166	24388
166	24429
167	24560
167	24431
167	24561
167	24458
167	24562
167	24455
167	24430
168	1492
168	17728
168	21141
168	24566
168	24595
168	24584
168	24573
168	1503
168	24570
170	8708
170	24599
170	24610
170	24619
170	24600
170	7344
170	24611
171	18337
171	24696
171	15347
171	24692
171	8772
171	24693
171	2117
171	24695
171	20654
171	1945
171	2911
171	7927
171	24785
171	24784
171	2941
171	24711
171	24690
171	24694
171	24818
171	2878
171	24691
171	10611
171	7765
171	5085
172	24877
172	1102
172	24878
172	24868
172	24951
172	1182
172	24952
172	24953
172	10017
172	24954
172	24874
172	24873
172	3155
172	3353
172	24865
172	24826
172	18261
172	24955
172	10999
172	24956
172	24876
172	24957
172	24958
172	24959
172	24960
172	1563
172	16028
172	8545
172	24870
172	3355
173	5634
173	275
173	12840
173	17826
173	12748
173	25164
173	12787
173	12764
173	24996
173	16637
173	24981
173	12732
173	19573
173	12921
173	8709
173	12752
173	12804
173	25049
173	12739
173	25068
173	12745
173	25031
173	25052
173	25117
173	22176
173	22319
173	25125
173	25104
173	12738
173	12737
175	8075
175	25230
175	25238
175	25225
175	25258
175	25228
175	25226
175	25315
175	25224
175	889
175	9292
176	25534
176	25500
176	25412
176	25581
176	25582
176	25389
176	25436
176	25545
176	25561
176	17361
176	25583
176	25584
176	25359
176	25476
176	25585
176	25399
176	25549
176	25586
176	25540
176	25394
176	25550
176	25536
176	25405
176	25347
176	25587
176	704
176	25502
176	25393
176	25588
176	25589
177	25596
177	25718
177	25591
177	6461
177	25595
177	25600
177	25597
177	25593
177	25590
177	25604
177	25618
177	25700
177	25601
177	25609
177	25594
177	25598
177	25592
178	25742
178	25769
178	25786
178	25754
178	25787
178	345
178	25727
178	25722
178	25737
178	25788
178	25726
178	25789
178	25738
178	25748
178	25751
178	25741
178	22434
178	25790
178	25729
178	25749
178	25791
178	25755
178	8848
178	22139
178	18529
178	25733
178	25792
178	25730
178	25793
178	25724
180	25888
180	25949
180	25881
180	25887
180	11998
180	1012
180	25885
180	25855
180	479
180	25891
180	25854
180	25961
180	25857
181	26083
181	26034
181	26084
181	25993
181	26085
181	25028
181	24539
181	25977
181	26086
181	26087
181	25978
181	25962
181	26066
181	26088
181	26089
181	12741
183	26399
183	26451
183	26323
183	26452
183	26175
183	26220
183	26212
183	25425
183	26453
183	26454
183	26170
183	26180
183	26173
183	26172
183	26371
183	26358
183	24844
183	12694
183	26448
183	26246
183	26314
183	26455
183	18609
183	26456
183	17444
183	26446
183	26396
183	26201
183	26296
183	26166
184	2685
184	2699
184	26457
184	2517
184	26472
184	26473
184	23338
185	2126
185	6111
185	6115
185	26534
185	26490
185	6125
185	6059
186	26586
186	26576
186	26570
186	26575
186	26613
186	26591
186	26572
186	26568
186	26574
186	26573
186	26614
186	26579
186	26569
186	26571
187	26623
187	19344
187	26616
187	26629
187	26615
187	26622
187	26646
187	26735
187	26699
187	26619
187	26618
187	26644
187	26620
187	26643
188	26800
188	24193
188	26736
188	26801
188	26802
188	26748
188	26803
188	26758
188	26804
188	26805
188	23086
188	26740
188	26806
188	26807
188	26808
188	26809
188	26810
188	26811
188	26812
188	26747
188	15314
188	3360
188	14048
188	26813
188	8960
188	26814
188	26815
188	26816
188	26817
188	26745
189	3603
189	6348
189	12500
189	3629
189	27004
189	26824
189	26993
189	14821
189	17676
189	26964
189	27005
189	3631
189	6084
189	20443
189	26897
189	26854
189	26948
189	26818
189	26821
189	3635
189	26825
189	27001
189	26828
189	26823
189	26819
189	26820
189	26864
189	1952
189	20842
189	23736
190	12007
190	27028
190	27032
190	27070
190	27071
191	17120
191	27080
191	27074
191	27077
191	27208
192	4061
192	27264
192	27278
192	27279
192	27209
192	27280
192	14698
192	16987
192	27281
192	22983
192	27238
192	27232
192	27282
192	27283
192	27284
192	14704
192	27247
192	27285
192	27286
192	3883
192	6071
192	27248
192	27287
192	27288
192	27289
192	27290
192	27291
192	27292
192	924
192	19897
193	16722
193	15571
193	27315
193	25052
193	27343
193	12737
194	27419
194	27374
194	27384
194	2699
194	27434
194	27397
194	27377
194	27399
194	27380
194	27408
194	27435
194	27395
195	27444
195	27535
195	27520
195	27475
195	27536
195	27537
195	27505
195	27538
195	27539
195	27464
195	27540
195	27541
195	27542
196	27625
196	27626
196	27544
196	10240
196	27563
196	14644
196	27551
196	27546
196	27627
196	27548
196	27628
196	10992
196	27629
196	27630
196	27561
196	27631
196	27632
196	10233
196	27575
196	4990
196	3249
196	8545
196	27560
196	4325
196	27633
196	24881
196	18943
196	27547
196	27559
196	27634
197	27689
197	27657
197	22029
197	27805
197	1910
197	27640
197	27797
197	27669
197	27667
197	5201
197	27784
197	27806
197	27670
197	27785
197	27807
197	27648
197	27649
197	27692
197	27808
197	27635
197	17203
197	1916
197	25211
197	27645
197	27678
197	27681
197	27809
197	27810
197	27811
197	27812
198	27827
198	27844
198	21193
198	15073
198	27845
198	14390
198	27001
198	1769
198	6351
198	4319
198	21191
199	12732
199	16486
199	27895
199	12798
199	12750
199	24601
199	27906
200	9488
201	28090
201	28001
201	1125
201	6021
201	27943
201	28091
201	2571
201	28007
201	6718
201	28092
201	28093
201	28094
201	1393
201	28095
201	4038
201	28096
201	28097
201	28098
201	28099
201	28100
201	28101
201	14191
201	28102
201	28103
201	14546
201	28104
201	28105
201	28106
201	28107
201	28108
202	28124
202	28117
202	28183
202	28152
202	28284
202	28285
202	28122
202	7347
202	21994
202	28286
202	15128
202	28163
202	28287
202	26219
202	28165
202	24751
202	28288
202	28209
202	28148
202	28125
202	28121
202	13478
202	28109
202	28119
202	28161
202	28149
202	28151
202	28159
202	28289
202	28114
203	18572
203	23167
203	9988
203	28322
203	28290
203	5013
204	28373
204	28323
204	28374
204	28358
204	28375
204	28333
204	28334
204	28337
204	28376
204	28377
204	28325
204	28378
204	28379
204	28380
204	28324
204	28328
204	28332
204	28327
204	28381
204	28330
204	28326
204	28382
205	28456
205	28463
205	28546
205	28411
205	28395
205	28547
205	28548
205	14698
205	28398
205	28455
205	28397
205	28549
205	28389
205	28550
205	28410
205	28391
205	28472
205	15686
205	21499
205	28386
205	28387
205	28383
205	28551
205	18558
205	28392
205	28390
206	28645
206	6149
206	26218
206	26219
206	28554
206	28578
206	28557
206	28552
206	28562
206	17444
206	28657
206	4576
206	28563
206	26240
206	23428
206	20353
207	28658
207	6962
207	26993
209	28755
209	28754
211	20441
211	28845
211	5541
211	2689
211	632
211	20437
211	29003
211	16370
211	29004
211	7973
211	4124
211	28981
211	20436
211	4783
211	159
211	2529
211	29005
211	28847
211	17534
211	4095
212	29206
212	29207
212	29051
212	8047
212	29034
212	25010
212	25022
212	29208
212	29209
212	29185
212	29019
212	29036
212	29210
212	29032
212	29107
212	29211
212	29079
212	29035
212	29070
212	29138
212	29212
212	29050
212	29006
212	29077
212	29108
212	29067
212	29029
212	29099
212	29150
212	29213
213	29215
213	1322
213	1275
213	29219
213	1279
213	29214
213	29217
213	3419
213	29223
213	29218
213	1261
214	29251
215	29326
215	29307
215	29279
215	29310
215	29303
215	29304
215	29276
216	29378
216	29424
216	26576
216	29376
216	15717
216	5779
216	29375
216	5930
217	29498
217	29500
217	29493
217	29464
217	29496
217	7890
217	29501
217	29515
217	29492
217	29519
217	29502
217	29520
217	29460
217	29433
217	29504
217	29487
218	29601
218	29602
218	29603
218	29604
218	29605
218	29606
218	29607
218	29581
218	29608
218	29609
218	29610
218	29611
218	29522
218	29612
218	20117
218	29613
218	29551
218	9842
218	29614
218	29615
218	29616
218	29617
218	29550
218	29582
218	29531
219	15935
219	10999
219	29728
219	29660
219	29647
219	7698
219	29637
219	29729
219	2264
219	3593
219	736
219	15930
219	29665
219	870
221	26892
221	6817
221	29860
222	29894
222	29891
222	29919
222	29893
222	29895
222	29890
223	2264
223	29943
224	6133
225	3773
225	21433
225	8699
226	30131
226	790
226	30142
226	30086
226	30035
226	30095
226	30055
226	30143
226	21218
226	30034
227	30253
227	30191
227	9836
227	14385
227	8614
227	12032
227	29610
227	3782
227	21694
227	2941
227	2116
227	4932
227	30254
227	30255
227	9843
227	2915
227	12279
228	14392
228	2060
228	30257
228	2885
228	5896
229	30285
229	7516
229	30445
229	30367
229	190
229	7668
229	30446
229	30447
229	30448
229	30280
229	7528
229	1027
229	30449
229	30286
230	30450
230	7377
230	1563
230	11025
230	954
230	6930
230	1267
231	1102
231	19812
231	30461
231	10976
231	8492
231	4828
231	3361
231	30465
231	3217
231	29999
231	30459
232	2151
232	24832
232	30524
232	30548
232	30567
232	1269
232	30507
232	30532
232	30504
232	30491
232	30517
232	30564
232	1281
232	30502
232	30566
232	30568
232	30503
232	23061
232	30556
232	22546
232	17560
232	30554
232	30493
232	30569
232	15379
233	5781
233	30711
233	30595
233	11844
233	3754
233	29501
233	11729
233	1503
233	30700
233	30578
233	30576
233	21131
233	30712
234	17448
234	30729
234	6644
234	30717
234	30713
235	30806
235	24997
235	16533
235	30807
236	30924
236	30848
236	30880
236	23253
236	30857
236	30925
236	9483
236	30881
236	30855
236	11730
236	30868
236	30926
236	30927
236	30928
237	30929
237	31071
237	30988
237	30957
237	31029
237	22480
237	31050
237	30968
237	911
237	30953
237	22501
237	30984
237	30951
237	30975
237	31052
237	22451
237	30954
237	30937
237	12093
237	22506
237	22509
237	30987
237	30935
237	30985
237	30977
237	30952
238	12873
238	275
238	12840
238	25995
238	26074
238	31096
238	12831
238	3192
238	12879
238	8709
238	25966
238	25040
238	12739
238	12745
238	12805
238	10146
238	25035
238	27372
238	12735
238	12753
238	12736
238	26060
239	31205
240	31251
240	31335
240	31332
240	31331
240	17285
240	31302
240	31336
240	2061
240	31337
240	31338
240	31264
241	2520
241	10544
241	2091
241	7723
241	213
241	1734
241	7688
241	1711
242	31566
242	9481
242	27935
242	31567
242	31568
245	31655
245	31656
245	31657
245	31658
245	31645
245	31604
245	31659
245	31660
245	31661
245	31662
245	23253
245	26535
245	6053
245	3598
245	31619
245	31663
245	31664
245	31665
245	31666
245	31667
245	31668
245	31602
245	31597
245	31669
245	31629
245	31670
245	31671
245	31607
245	26885
245	31672
246	31691
246	31692
246	14575
246	1035
246	31736
246	7635
246	17535
246	31696
246	9838
247	3155
247	31762
247	3401
247	12697
247	1229
247	31737
247	14987
247	10123
247	1258
247	31760
248	1304
248	18497
248	31794
248	31893
248	31923
248	31945
248	31796
248	31822
248	18514
248	31894
248	18458
248	31892
248	12894
248	31801
248	24892
248	1350
248	31944
250	31965
250	32068
250	6464
250	31970
250	31977
250	32067
250	31996
250	32095
250	31974
250	31964
250	32019
250	31968
250	31979
250	31966
251	9506
251	28805
251	32106
251	1531
251	716
251	9584
251	9483
251	32107
251	1496
252	32118
252	32108
253	32191
253	19939
253	8477
253	14563
253	26761
253	32190
253	64
253	16002
253	32231
253	18603
253	21580
254	32392
254	32326
254	32335
254	32393
254	32340
255	32400
255	32486
255	32395
255	3162
255	32487
255	32394
255	3171
255	32403
255	20848
255	31992
255	32488
255	3164
255	32401
256	32600
256	32497
256	32515
256	32585
256	15886
256	32565
256	32604
256	26219
256	28209
256	32516
256	32605
256	32505
256	32606
256	32496
256	32597
256	32502
256	22970
256	32508
256	32514
256	32567
256	23428
256	32512
256	32601
256	32492
257	32607
257	32473
258	32694
258	32695
258	32696
258	32697
258	32698
258	32699
258	32700
258	32701
258	32702
258	32689
258	32703
258	32704
258	11847
258	7221
258	31068
258	32684
258	32676
258	32705
258	21700
258	32706
258	32647
258	32707
258	32708
258	32709
258	32710
258	32655
258	32711
258	21150
258	32712
258	30293
259	32731
260	1183
260	10876
260	10957
260	1181
260	32793
260	10958
261	4482
261	32833
261	32801
261	4497
262	32835
262	32870
262	32879
262	32875
262	32834
263	15747
263	4380
263	4333
263	32881
263	32886
263	4252
263	4392
263	32928
263	4089
263	2097
263	4309
263	4389
263	29629
263	32902
263	32885
263	4387
263	4330
263	33008
264	3400
264	10620
264	1270
265	33041
265	17274
265	33040
265	2488
265	33098
265	33043
265	33039
265	33093
265	33095
266	33165
266	15074
266	33166
266	9483
266	33168
266	33213
267	33332
268	33335
268	33333
268	33407
268	33334
268	33336
268	33384
269	33427
269	30374
269	4684
269	33458
269	24858
269	17466
269	33434
269	24600
269	33432
269	33429
269	33435
269	33430
269	33456
269	17617
269	33445
269	33532
269	33450
269	33437
269	33565
269	33442
269	33511
269	33431
269	33428
269	14990
269	33513
269	33444
269	33438
269	33457
270	33574
270	18725
270	49
270	33566
270	33631
270	33632
270	1382
270	15146
270	33606
270	25927
270	33633
270	23036
271	19584
271	28150
271	33726
271	15055
271	33687
271	33689
271	33647
271	33646
271	2285
271	33634
271	33669
271	33637
271	33676
271	33670
271	33641
271	33677
272	33734
272	33747
272	33807
272	21022
272	33763
272	33790
272	33758
273	7882
274	33827
274	33896
274	33848
274	33897
274	2894
274	33846
274	33834
274	33830
274	33835
274	33832
274	33898
275	33930
275	20475
275	34070
275	33945
275	11731
275	34071
275	34000
275	10568
275	32936
275	34072
275	34073
275	33972
275	33928
275	34074
275	14328
275	33917
275	34075
275	33987
275	14738
275	19777
275	34076
275	34077
275	34078
275	34079
275	6911
275	34080
275	34081
275	34082
275	34048
275	34083
276	228
276	34084
277	15300
277	34237
277	34238
277	9971
277	34239
277	17150
277	17152
277	34220
277	17155
277	34240
277	17158
277	34158
277	34241
277	17161
277	34242
277	17163
277	17164
277	1440
277	34243
277	34244
277	17166
277	17167
277	34169
277	34245
277	17169
277	34246
277	34247
277	34248
277	34234
277	28822
278	34252
278	34269
278	34270
278	34249
278	34257
278	34276
278	34271
278	34285
278	32501
278	34286
278	26242
278	34250
278	28559
278	34253
278	33211
278	34277
278	34287
278	33492
278	34288
278	34251
278	34272
278	34289
278	34255
278	34258
278	34261
278	34259
278	22970
278	34290
278	34254
278	34263
279	17806
279	17790
279	12837
279	10738
280	34412
280	33620
280	34413
280	34383
281	2439
281	2915
281	7674
282	3415
282	10304
282	34484
282	6930
282	10313
282	1267
283	34485
284	13383
284	13212
284	23816
284	23868
284	23846
285	34579
285	34520
285	34559
285	1659
285	25222
285	34614
285	15196
285	33227
285	34534
285	34524
285	34521
285	34523
285	5824
286	22581
286	21481
286	34678
287	34688
287	34772
287	34810
287	911
287	34818
287	30953
287	31049
287	8853
287	34679
287	34768
287	34681
287	3106
287	22435
287	31044
287	22451
287	34774
287	34771
287	22440
287	22506
287	34800
287	34767
287	8867
288	34821
288	6171
288	7749
288	34825
288	2359
288	34819
290	34851
290	34860
290	34862
290	34861
290	34869
290	34852
292	35043
292	34984
292	35044
292	34960
292	34958
292	34980
292	35045
292	6399
292	34977
292	34930
292	35046
292	34925
292	35047
292	35048
292	34968
292	27470
292	35049
292	34946
292	34936
292	34981
292	35050
292	35051
292	35052
292	35027
292	34927
292	35053
292	35054
292	35025
293	35061
293	35083
293	35064
293	35057
293	35056
293	23359
293	10520
293	24445
293	35059
294	35136
294	35096
294	35137
294	35138
294	35139
294	35140
294	35141
294	35105
295	6893
295	35222
295	31662
295	6821
295	26535
295	3598
295	2337
295	35143
295	35223
295	24266
295	31671
295	26885
296	18552
297	35240
297	35232
297	7028
297	12015
297	17244
297	6799
297	9102
297	35342
297	7050
297	35341
297	6891
297	17287
297	10695
297	2702
297	34425
297	4146
297	35364
297	1769
297	14707
297	2311
297	7007
297	20884
297	13038
297	4122
297	35284
298	6483
298	17835
298	17833
298	35365
298	17834
298	13916
