project_id	language_id
1	1
1	3
1	6
1	7
1	9
2	10
3	7
4	7
5	7
7	7
8	9
9	10
10	12
11	9
12	12
12	14
13	9
14	1
14	15
15	12
18	1
18	3
19	1
19	3
19	12
20	12
20	18
21	12
21	19
21	9
23	12
24	12
25	15
26	1
26	12
26	9
27	10
28	3
30	12
31	9
32	3
32	23
32	26
32	27
32	12
32	19
32	28
32	30
32	9
32	31
32	1
32	33
32	34
32	35
33	33
34	1
34	9
35	19
36	10
36	9
37	3
37	28
37	7
38	37
38	10
38	38
38	1
38	3
38	33
38	23
38	39
38	40
38	41
38	27
38	12
38	19
38	28
38	42
38	7
38	31
38	9
39	19
40	3
40	12
40	18
40	28
40	7
40	9
41	10
41	43
42	10
43	1
43	3
43	7
43	30
43	9
44	10
44	19
45	9
47	46
48	10
48	1
48	3
48	12
48	19
48	7
48	9
49	10
49	1
49	3
49	19
49	34
49	7
49	9
50	19
51	1
51	48
51	3
51	19
52	41
52	7
53	3
53	49
53	50
53	26
53	12
53	28
53	19
53	51
53	30
53	9
53	10
53	1
53	34
53	35
54	10
55	37
55	3
55	60
55	23
55	18
55	61
55	62
55	43
55	27
55	12
55	28
55	42
55	30
55	9
55	10
55	1
55	63
55	64
55	65
55	66
55	67
56	1
56	3
56	64
56	28
56	7
56	9
57	12
58	9
59	69
59	1
59	70
59	3
59	12
59	9
60	37
60	3
60	60
60	18
60	41
60	43
60	27
60	12
60	42
60	19
60	28
60	7
60	9
60	31
60	10
60	1
60	33
60	65
60	34
61	12
61	7
62	12
62	7
64	12
65	12
67	12
68	65
69	12
69	9
70	12
71	65
72	65
73	9
74	12
75	12
76	12
76	7
77	10
77	1
77	3
78	7
79	7
80	7
81	10
81	65
82	10
83	65
84	65
84	7
85	7
86	65
88	65
88	7
89	65
89	7
90	10
90	65
91	7
92	65
92	12
92	7
92	9
93	10
93	65
93	7
94	65
95	10
95	48
95	65
95	6
95	7
95	9
96	65
100	10
100	65
101	65
102	12
103	7
104	10
104	43
104	65
104	12
104	9
105	65
105	7
106	65
106	7
107	3
107	7
108	7
108	9
109	18
109	7
110	7
111	70
111	12
111	7
115	7
116	7
117	3
118	12
119	10
120	7
121	7
122	70
123	70
123	12
124	37
125	74
125	7
126	12
126	7
127	3
127	28
127	7
128	7
129	1
129	3
129	28
130	37
130	3
130	75
130	41
130	49
130	43
130	50
130	26
130	28
130	19
130	51
130	7
130	31
130	10
130	1
130	39
130	34
130	78
130	79
130	80
131	7
133	26
133	28
133	67
134	28
134	7
136	12
136	7
137	12
137	9
138	12
138	19
138	34
138	9
139	12
139	9
140	82
140	9
141	9
143	12
143	19
144	9
145	9
146	12
146	9
149	9
151	12
151	19
151	9
153	12
154	19
154	9
155	12
155	9
156	12
156	9
157	12
157	9
158	9
159	9
160	12
160	9
161	10
161	12
161	28
161	34
161	9
165	12
166	12
166	9
167	12
168	12
169	12
169	19
170	12
170	19
171	12
172	12
173	12
173	19
174	12
174	19
175	12
176	12
177	19
178	12
178	19
179	69
179	12
180	12
181	12
182	12
183	12
184	12
185	12
186	12
187	12
188	12
189	12
190	12
191	12
193	12
194	12
195	12
196	12
197	12
198	12
201	12
202	12
202	7
203	12
203	19
205	12
206	12
206	19
208	12
209	12
210	12
211	12
212	12
213	12
214	12
215	12
219	88
220	7
221	12
221	19
221	89
222	12
222	7
223	12
224	12
224	7
225	12
225	19
226	12
227	12
228	12
228	7
229	12
229	19
229	9
231	12
233	12
233	19
234	12
235	69
235	12
236	12
237	12
238	12
240	12
241	12
243	12
243	15
244	12
246	12
247	70
247	12
247	15
248	10
248	12
249	12
250	69
250	12
251	69
251	12
252	12
253	12
254	12
255	12
257	12
257	7
258	12
259	12
260	12
261	12
262	12
263	12
264	12
265	12
266	12
267	12
268	12
269	12
270	69
270	12
271	12
273	12
274	12
276	12
277	12
279	12
281	7
283	7
284	7
286	7
288	7
289	1
289	3
289	28
290	7
291	12
291	7
293	10
294	7
295	7
296	10
297	7
298	12
298	7
299	7
300	7
301	12
301	19
302	7
305	10
305	65
305	12
305	9
308	70
308	12
308	7
310	7
311	7
312	7
313	7
314	7
315	7
316	12
317	7
318	7
319	7
320	7
321	7
322	7
323	7
324	12
324	7
325	7
326	12
326	7
327	7
328	7
329	7
330	7
331	12
331	7
332	7
333	7
334	7
335	7
336	12
336	7
337	7
338	7
339	7
340	70
340	12
340	7
341	7
342	7
343	7
344	7
345	7
346	7
347	7
348	7
349	7
350	7
351	7
352	12
352	7
353	7
354	7
355	7
356	12
356	7
357	7
358	7
359	7
360	7
361	7
362	7
363	7
364	7
366	7
367	7
369	7
370	12
371	1
371	3
371	75
371	88
371	39
371	34
371	78
371	49
371	26
371	28
371	30
371	93
371	94
371	31
372	1
372	3
372	60
372	28
372	9
373	3
373	75
373	60
373	88
373	89
373	95
373	26
373	28
373	19
373	30
373	9
373	10
373	1
373	34
373	78
373	80
374	12
374	31
375	12
376	1
376	3
376	9
377	1
377	3
377	99
377	28
377	34
377	30
377	9
378	1
378	3
378	60
378	34
378	78
378	12
378	30
378	9
380	12
381	3
381	60
382	37
382	3
382	26
382	27
382	12
382	28
382	19
382	42
382	51
382	30
382	9
382	31
382	10
382	1
382	65
382	34
382	78
382	102
382	80
382	103
384	12
385	3
386	12
387	7
388	12
389	12
389	34
389	7
389	9
390	75
390	18
390	40
390	104
390	62
390	49
390	27
390	42
390	30
390	9
390	105
390	63
390	64
390	106
390	34
390	107
390	102
390	80
390	37
390	3
390	109
390	95
390	26
390	12
390	19
390	28
390	6
390	7
390	31
390	10
390	1
390	39
390	78
390	111
390	103
391	12
392	10
392	1
392	3
392	63
392	18
392	34
392	78
392	28
392	102
392	7
392	9
393	50
394	3
394	75
394	60
394	18
394	40
394	62
394	49
394	26
394	12
394	28
394	19
394	42
394	6
394	7
394	30
394	9
394	31
394	105
394	10
394	1
394	63
394	106
394	39
394	34
394	78
394	80
394	103
395	12
396	12
397	7
398	12
399	3
399	12
400	9
401	12
402	9
403	19
404	7
405	9
406	12
407	70
407	12
408	9
410	10
411	9
412	9
413	9
414	70
414	12
415	12
416	10
417	70
417	12
419	9
420	9
421	9
422	113
422	7
422	9
423	10
424	10
425	70
426	9
427	7
428	70
428	12
429	1
429	3
429	9
430	10
430	12
430	9
431	3
431	26
432	10
432	12
432	7
433	10
433	12
433	61
434	1
435	10
435	65
435	61
435	12
435	7
435	9
436	10
437	37
437	10
438	1
438	3
438	26
438	34
438	9
439	1
439	3
439	12
439	28
439	34
439	30
440	10
440	1
440	3
440	34
440	49
440	12
440	9
441	10
441	82
442	37
443	1
443	3
443	34
444	10
444	12
445	1
445	3
445	88
445	34
445	9
446	10
446	34
446	61
446	12
446	19
446	7
446	9
447	10
448	10
448	65
448	12
448	61
449	10
450	10
451	10
452	37
452	10
452	7
452	9
453	120
453	10
453	1
453	3
454	10
455	1
455	3
455	39
455	34
455	49
455	26
455	6
455	19
455	9
456	10
456	65
456	121
456	122
456	61
456	12
456	80
456	7
456	9
457	10
457	12
457	9
457	89
458	10
458	61
459	10
459	12
459	61
460	19
461	12
462	12
463	1
463	3
463	12
463	9
464	12
464	19
465	12
466	19
467	70
467	12
468	12
468	19
469	12
469	19
470	69
470	12
471	19
472	19
473	12
473	41
474	12
474	9
475	12
476	12
477	12
478	19
479	19
480	12
481	12
481	19
482	12
482	19
483	12
483	19
484	12
484	19
485	19
486	1
486	12
486	19
487	12
488	12
489	12
490	9
491	3
491	18
491	30
492	18
492	9
493	3
494	9
495	9
496	18
497	70
497	12
497	9
498	19
498	9
499	18
499	9
500	9
501	9
502	3
502	18
503	18
504	18
505	18
506	18
509	12
510	18
511	18
513	18
514	18
515	18
516	18
518	18
519	12
520	12
520	7
521	7
522	7
523	7
525	12
526	12
527	12
528	7
530	12
531	7
532	12
533	12
534	7
535	12
536	12
536	7
538	12
539	12
539	19
539	7
540	12
540	19
540	7
542	12
544	7
546	12
546	7
547	12
547	7
548	12
549	12
549	7
550	12
550	7
551	12
551	7
552	12
553	12
554	7
556	12
557	12
558	70
558	12
559	12
560	12
561	69
561	12
562	12
563	12
564	12
565	12
566	12
567	12
568	12
569	12
570	12
571	12
572	12
572	9
573	12
574	12
575	12
576	12
577	12
578	12
579	12
580	12
581	12
583	12
585	1
585	3
585	34
585	41
587	1
587	3
587	12
587	19
587	28
587	9
588	1
588	3
588	19
588	34
588	9
589	1
589	19
589	34
589	9
590	12
591	10
592	19
592	31
592	9
593	42
594	42
594	34
595	1
595	3
595	50
595	12
595	19
597	28
598	1
598	3
599	9
600	3
600	34
602	9
604	10
604	1
604	3
604	34
604	43
604	12
604	19
604	28
604	7
604	123
604	9
605	1
605	3
605	12
605	7
606	19
607	12
608	7
609	9
610	9
611	12
612	12
613	1
613	12
613	9
614	9
615	7
616	7
617	7
618	7
619	7
620	7
621	7
622	7
622	9
623	7
624	7
625	7
626	7
627	7
628	7
629	7
630	7
631	7
632	7
633	7
634	7
635	7
636	7
637	7
638	7
640	3
640	7
641	7
641	9
642	7
643	7
644	3
645	12
645	9
647	12
647	19
649	12
649	9
650	69
650	12
650	19
651	12
651	28
652	12
653	37
653	10
653	1
653	12
653	28
654	9
655	12
655	7
656	12
657	12
658	12
659	12
660	12
660	9
661	12
663	9
664	12
665	12
666	37
666	10
666	1
666	12
666	28
667	12
668	12
669	12
671	12
672	10
672	1
672	3
672	12
672	28
673	12
674	12
675	3
675	28
676	111
677	12
677	19
678	12
678	9
679	12
679	19
680	19
681	10
681	61
682	37
683	12
684	10
684	12
685	10
685	1
685	3
685	19
685	28
685	34
685	7
685	9
686	10
687	19
688	10
688	1
688	3
688	19
688	34
691	34
692	3
692	34
694	9
700	48
700	1
700	3
701	12
701	19
702	10
705	12
706	1
706	3
706	12
706	28
706	9
707	12
707	19
707	7
707	105
708	12
708	7
709	1
709	3
709	28
709	34
709	125
709	111
709	9
709	31
710	1
710	3
712	10
712	1
712	3
712	74
712	18
712	34
712	78
712	48
712	26
712	12
712	28
712	19
712	80
712	125
712	30
712	9
713	1
713	3
713	28
713	30
714	12
714	125
714	9
716	1
716	3
716	34
717	1
717	3
717	64
717	12
717	28
717	9
718	1
718	3
718	111
719	12
719	125
719	7
721	12
721	19
722	12
723	12
724	12
724	125
725	12
726	1
726	3
726	12
726	28
727	12
729	12
730	12
731	12
732	9
733	12
734	12
735	70
735	12
736	70
736	1
736	12
736	9
737	70
737	1
737	3
737	9
738	70
738	1
738	9
739	1
739	70
739	64
739	12
739	28
739	9
740	70
740	1
740	9
741	70
741	12
742	1
742	70
742	9
743	70
743	1
743	12
743	9
744	70
744	12
745	70
745	12
746	70
746	1
746	64
746	9
747	70
748	70
748	12
750	70
750	12
751	70
752	70
753	70
754	70
755	70
756	70
757	70
758	70
759	70
760	70
761	70
762	70
763	70
764	70
765	10
766	10
767	10
768	10
768	61
769	10
770	10
771	10
772	61
773	10
774	10
775	10
775	12
775	61
776	10
777	37
777	34
778	37
779	37
780	37
781	10
781	61
781	12
781	7
781	123
781	9
782	10
782	12
782	61
782	7
782	9
783	10
784	37
785	10
786	10
786	9
787	10
787	43
789	10
789	61
790	10
791	10
792	10
792	12
793	12
794	28
795	37
795	1
795	70
795	3
795	12
795	28
795	7
796	12
797	12
798	12
799	12
800	12
802	12
803	10
804	12
804	9
805	12
806	10
806	1
806	3
806	75
806	34
806	41
806	12
806	28
806	6
806	19
806	51
806	30
806	9
807	12
808	12
809	12
810	1
810	3
810	12
810	9
812	12
813	12
814	12
815	12
816	1
816	48
816	3
816	60
816	12
816	28
816	7
816	9
817	12
817	7
818	12
819	12
820	12
821	12
822	12
823	12
824	12
825	1
825	12
825	9
826	12
827	12
828	12
829	12
830	12
831	12
833	12
834	12
835	12
836	12
837	12
838	12
839	12
840	70
840	12
841	12
842	12
843	12
844	12
845	12
846	12
846	9
847	12
848	12
849	12
850	12
851	12
852	12
853	12
854	12
856	12
857	12
858	12
859	12
859	19
860	12
861	12
862	12
863	12
865	12
866	12
867	12
868	12
870	12
871	12
872	12
873	12
874	12
875	12
875	7
876	12
877	1
877	12
878	12
880	12
881	12
882	12
883	12
884	12
886	12
886	34
887	19
888	9
889	9
891	12
891	7
893	12
893	19
893	111
897	10
899	10
900	7
901	7
904	12
905	10
905	12
906	19
907	7
908	19
909	19
910	12
910	9
911	10
911	12
911	7
912	7
913	3
914	3
914	19
915	10
916	10
917	10
918	10
919	10
921	12
922	10
923	10
923	65
923	12
924	10
924	12
924	61
925	10
926	10
927	10
928	10
928	12
929	65
930	10
930	61
931	10
932	10
932	12
932	61
932	105
933	10
933	34
934	10
935	10
936	10
936	12
937	10
938	9
939	10
941	10
942	10
942	61
943	10
944	9
945	12
946	12
947	12
948	12
949	12
950	12
951	12
952	12
953	12
954	12
955	70
955	12
956	12
957	12
958	12
959	12
960	12
961	12
962	12
962	7
963	12
964	12
965	12
966	12
967	12
968	12
969	12
970	12
971	12
972	12
973	12
974	12
975	12
975	19
978	19
979	19
980	19
981	19
981	7
983	19
984	19
985	12
985	19
986	70
986	12
987	19
989	19
990	19
991	12
991	19
992	12
992	19
993	19
995	19
996	69
996	12
997	19
998	19
999	19
1000	19
1002	12
1003	12
1003	19
1004	12
1005	12
1006	12
1007	12
1008	12
1009	12
1010	12
1011	12
1012	12
1013	12
1014	12
1015	12
1016	12
1017	12
1018	12
1019	12
1020	12
1021	12
1022	12
1023	12
1024	12
1025	12
1025	19
1026	12
1027	12
1027	19
1028	12
1029	12
1030	12
1031	12
1032	12
1033	12
1034	12
1035	12
1036	12
1037	12
1038	12
1039	12
1040	12
1041	12
1042	12
1043	12
1044	12
1045	12
1046	12
1047	12
1048	12
1049	12
1050	12
1051	12
1052	12
1053	12
1054	12
1055	12
1056	12
1058	12
1059	12
1060	12
1062	7
1063	78
1063	7
1064	78
1064	7
1065	78
1065	7
1066	78
1066	7
1067	7
1068	7
1069	12
1069	7
1070	12
1070	7
1071	78
1071	7
1072	12
1072	41
1072	7
1072	127
1073	7
1074	7
1075	78
1075	7
1076	12
1076	7
1077	70
1077	12
1077	7
1078	7
1080	7
1081	7
1082	12
1083	7
1084	127
1085	127
1086	12
1087	12
1087	7
1088	69
1088	12
1089	12
1090	12
1091	12
1093	10
1093	9
1094	10
1094	61
1095	3
1095	9
1096	1
1096	3
1096	12
1096	18
1096	9
1097	7
1098	1
1098	3
1098	12
1098	19
1099	1
1099	3
1099	34
1100	10
1100	1
1100	12
1100	19
1100	7
1100	9
1101	7
1102	12
1102	9
1103	12
1104	7
1105	37
1105	50
1105	12
1105	125
1106	10
1106	65
1106	12
1106	7
1106	9
1107	65
1107	12
1108	12
1109	9
1110	37
1110	12
1113	12
1113	34
1114	9
1115	9
1116	3
1116	7
1116	9
1117	9
1118	1
1118	3
1119	10
1119	3
1119	7
1120	10
1120	61
1121	1
1121	3
1121	28
1121	9
1122	12
1122	9
1123	1
1123	3
1123	64
1123	12
1123	28
1123	111
1123	9
1124	1
1124	3
1124	12
1124	9
1125	1
1125	3
1125	12
1125	9
1125	31
1126	1
1126	3
1126	60
1126	48
1126	12
1126	7
1126	9
1127	10
1127	1
1127	3
1127	64
1127	34
1127	70
1127	12
1127	19
1127	28
1127	7
1127	30
1127	9
1128	12
1129	1
1129	3
1129	64
1129	28
1129	30
1129	9
1130	12
1131	12
1132	12
1134	7
1135	7
1136	7
1137	7
1138	7
1139	3
1139	12
1139	7
1140	12
1140	7
1141	7
1142	7
1144	12
1144	7
1145	7
1146	70
1146	12
1147	7
1148	7
1149	70
1150	7
1151	7
1152	9
1153	9
1154	12
1154	19
1154	7
1155	7
1156	7
1157	3
1157	28
1158	6
1158	7
1159	7
1160	12
1160	7
1161	12
1161	7
1162	7
1163	70
1163	12
1163	7
1164	28
1164	67
1164	7
1165	28
1165	7
1166	28
1166	7
1167	28
1167	7
1168	28
1168	7
1171	7
1174	28
1174	7
1175	28
1175	7
1176	28
1176	7
1177	28
1177	7
1178	28
1180	28
1180	7
1181	28
1181	7
1183	28
1183	7
1184	28
1185	7
1187	12
1187	7
1188	12
1189	12
1190	70
1190	12
1191	70
1191	12
1192	69
1192	70
1192	12
1193	12
1194	12
1195	12
1196	12
1197	12
1198	12
1199	12
1200	12
1201	12
1202	12
1203	12
1204	12
1205	12
1206	12
1207	12
1208	12
1209	12
1210	12
1211	12
1212	12
1213	12
1214	12
1215	12
1216	12
1217	12
1218	12
1219	12
1219	7
1220	12
1221	12
1222	12
1223	34
1223	9
1236	3
1253	70
1253	19
1253	7
1254	12
1254	7
1255	7
1257	7
1259	7
1260	7
1261	7
1262	70
1263	7
1264	7
1265	7
1266	7
1268	7
1269	7
1270	70
1272	7
1275	7
1276	7
1277	7
1278	70
1279	7
1281	7
1282	7
1283	12
1283	7
1284	7
1285	7
1287	10
1288	28
1289	37
1292	7
1293	12
1293	7
1294	37
1294	12
1295	7
1296	7
1297	7
1299	10
1299	12
1299	28
1300	10
1300	12
1300	28
1301	7
1302	12
1303	7
1304	7
1305	12
1306	12
1307	12
1307	7
1308	7
1309	7
1310	7
1311	7
1312	7
1313	7
1314	12
1314	7
1315	12
1315	7
1316	7
1317	7
1318	7
1319	37
1319	50
1319	19
1319	7
1321	7
1322	70
1322	12
1323	7
1324	70
1324	12
1325	70
1328	70
1328	12
1329	7
1331	70
1331	12
1331	7
1334	70
1334	12
1334	7
1335	7
1336	12
1336	7
1337	7
1338	7
1339	7
1340	7
1341	7
1342	12
1343	12
1344	12
1344	7
1345	12
1345	7
1346	12
1346	7
1347	12
1347	7
1348	107
1348	70
1348	12
1348	7
1350	12
1350	7
1351	12
1351	7
1352	12
1353	12
1354	12
1355	12
1356	12
1356	7
1357	12
1358	12
1359	12
1360	12
1362	12
1362	7
1363	12
1364	12
1364	7
1365	12
1366	12
1367	12
1369	12
1369	7
1370	12
1371	12
1372	12
1373	7
1375	7
1377	70
1377	12
1378	12
1378	42
1378	9
1379	7
1381	70
1381	12
1383	7
1384	7
1385	12
1386	12
1387	12
1388	7
1389	28
1390	7
1392	7
1393	7
1394	10
1395	7
1396	10
1396	1
1396	3
1396	12
1396	7
1396	9
1397	7
1398	10
1399	7
1400	10
1401	10
1402	10
1404	12
1405	12
1406	10
1406	66
1407	9
1408	37
1409	12
1410	12
1411	7
1412	19
1413	19
1414	12
1415	12
1416	12
1417	12
1418	12
1419	12
1420	12
1421	12
1422	12
1423	12
1424	12
1425	12
1426	12
1427	12
1428	28
1428	67
1428	7
1429	12
1430	12
1431	12
1432	12
1433	12
1433	7
1434	7
1435	7
1436	7
1437	34
1438	7
1440	3
1440	7
1440	9
1443	7
1444	7
1445	7
1446	70
1446	7
1446	9
1447	7
1449	7
1451	7
1452	7
1453	7
1454	12
1454	7
1455	12
1455	7
1456	70
1456	42
1456	34
1456	7
1456	9
1460	9
1461	7
1464	1
1464	3
1464	9
1465	10
1466	10
1467	34
1468	10
1468	1
1468	3
1468	28
1468	30
1468	9
1469	10
1470	10
1471	3
1472	3
1473	3
1474	10
1475	10
1476	10
1477	10
1478	10
1479	10
1480	10
1480	1
1480	3
1480	30
1480	9
1481	10
1482	10
1482	1
1482	3
1482	28
1482	30
1482	9
1483	120
1483	10
1483	1
1483	3
1483	26
1484	10
1484	1
1484	3
1484	39
1484	34
1484	48
1484	12
1484	28
1484	30
1484	9
1484	31
1485	1
1485	3
1487	1
1487	3
1488	1
1488	3
1488	9
1489	1
1489	3
1489	26
1489	39
1489	34
1489	30
1489	9
1490	3
1490	28
1490	34
1490	30
1491	3
1491	43
1491	30
1492	3
1493	75
1493	121
1493	122
1493	18
1493	40
1493	82
1493	61
1493	41
1493	134
1493	136
1493	27
1493	137
1493	42
1493	51
1493	30
1493	139
1493	105
1493	9
1493	63
1493	106
1493	34
1493	102
1493	67
1493	80
1493	14
1493	127
1493	15
1493	37
1493	60
1493	141
1493	69
1493	48
1493	95
1493	50
1493	12
1493	28
1493	6
1493	19
1493	7
1493	10
1493	1
1493	99
1493	65
1493	143
1493	144
1493	66
1493	145
1493	70
1493	111
1493	103
1494	12
1495	12
1496	75
1496	121
1496	122
1496	18
1496	40
1496	82
1496	61
1496	41
1496	134
1496	136
1496	27
1496	137
1496	42
1496	51
1496	30
1496	139
1496	105
1496	9
1496	63
1496	106
1496	34
1496	102
1496	67
1496	80
1496	14
1496	127
1496	15
1496	37
1496	60
1496	141
1496	69
1496	48
1496	95
1496	50
1496	12
1496	28
1496	6
1496	19
1496	7
1496	10
1496	1
1496	99
1496	65
1496	143
1496	144
1496	66
1496	145
1496	70
1496	111
1496	103
1498	12
1498	7
1498	9
1499	70
1499	43
1499	12
1499	7
1499	9
1500	12
1500	9
1501	12
1501	9
1502	12
1502	9
1503	9
1504	12
1504	9
1505	12
1505	9
1506	9
1508	9
1510	9
1511	9
1512	9
1513	9
1514	9
1515	9
1517	7
1517	9
1518	28
1519	9
1520	12
1521	1
1521	12
1521	9
1522	12
1523	12
1526	9
1527	1
1527	3
1527	12
1527	9
1528	28
1528	7
1529	12
1530	12
1531	12
1533	12
1534	12
1535	9
1536	12
1538	12
1539	9
1540	1
1540	12
1540	9
1541	12
1542	12
1545	12
1546	12
1547	12
1548	7
1550	7
1551	7
1552	7
1553	7
1554	12
1554	7
1555	7
1556	7
1557	12
1557	7
1558	3
1558	28
1558	7
1559	7
1560	28
1560	67
1560	7
1561	12
1562	1
1562	3
1562	28
1562	7
1563	3
1563	28
1563	67
1563	7
1564	7
1565	7
1566	12
1566	7
1567	7
1568	7
1569	7
1570	7
1571	7
1572	28
1572	7
1573	7
1574	7
1575	7
1576	7
1577	7
1578	10
1579	10
1580	10
1580	12
1581	10
1581	12
1582	10
1582	12
1583	3
1584	3
1585	3
1586	12
1587	1
1587	3
1587	34
1587	49
1587	6
1587	28
1587	30
1587	127
1587	9
1588	3
1589	3
1590	12
1591	10
1592	10
1594	1
1594	3
1594	28
1594	9
1595	10
1595	61
1596	10
1597	10
1597	12
1598	10
1599	10
1599	1
1599	3
1599	19
1599	34
1600	12
1600	34
1600	7
1602	12
1603	10
1604	10
1605	34
1606	1
1606	3
1606	9
1607	3
1608	10
1608	105
1609	12
1609	105
1610	105
1611	105
1612	10
1612	105
1613	65
1613	105
1615	105
1616	105
1617	105
1618	105
1619	105
1620	105
1621	105
1623	105
1624	105
1627	105
1628	105
1629	10
1629	105
1631	105
1632	105
1633	105
1634	105
1636	12
1636	105
1637	105
1638	12
1638	7
1639	12
1640	70
1640	12
1641	70
1641	12
1642	70
1642	12
1642	19
1642	34
1643	70
1643	12
1644	70
1644	12
1644	19
1644	34
1645	12
1646	12
1647	12
1648	12
1649	12
1650	12
1651	12
1652	12
1653	12
1654	12
1655	12
1656	12
1657	12
1658	12
1659	12
1660	12
1661	12
1662	12
1663	12
1664	12
1665	12
1666	12
1667	12
1668	12
1669	12
1670	12
1670	7
1671	12
1672	12
1672	7
1673	12
1674	12
1675	70
1675	12
1677	12
1678	12
1679	7
1680	12
1681	7
1682	70
1684	12
1685	12
1686	12
1689	12
1691	12
1691	19
1692	12
1693	12
1696	12
1697	12
1699	12
1700	12
1701	12
1702	12
1703	12
1704	12
1705	12
1706	12
1708	12
1709	12
1710	12
1710	19
1711	12
1712	12
1713	7
1714	12
1715	12
1716	12
1717	12
1718	9
1719	12
1720	9
1721	12
1721	9
1722	12
1723	12
1724	12
1725	12
1726	12
1728	12
1728	7
1730	12
1730	19
1732	12
1732	7
1733	7
1734	12
1734	7
1735	7
1736	12
1736	7
1737	12
1737	7
1738	12
1738	7
1739	12
1739	7
1740	7
1741	7
1742	7
1743	12
1743	7
1744	12
1744	7
1745	7
1746	7
1747	12
1747	7
1748	12
1748	7
1749	12
1749	7
1750	7
1751	7
1752	12
1752	7
1753	7
1754	12
1754	7
1755	12
1755	7
1756	7
1757	12
1757	7
1759	9
1760	3
1760	26
1760	7
1760	9
1761	18
1762	3
1762	34
1762	104
1762	78
1762	109
1762	26
1762	9
1762	31
1763	12
1763	18
1763	34
1763	7
1763	9
1764	18
1764	9
1766	1
1766	3
1766	34
1767	1
1767	3
1768	9
1769	9
1770	18
1771	1
1771	3
1771	65
1771	34
1771	26
1771	28
1771	30
1771	9
1772	9
1773	1
1773	3
1774	18
1775	1
1775	3
1775	9
1776	9
1777	1
1777	3
1778	18
1779	12
1779	18
1781	9
1782	18
1783	18
1784	18
1785	18
1786	3
1788	3
1788	12
1788	19
1789	1
1789	19
1789	51
1789	30
1789	9
1790	19
1791	12
1791	19
1791	34
1792	19
1793	19
1794	19
1795	19
1796	19
1797	19
1798	19
1799	19
1800	19
1801	19
1802	19
1803	19
1804	19
1805	19
1806	19
1807	19
1808	19
1809	19
1810	19
1811	19
1812	19
1813	19
1815	19
1816	12
1816	19
1817	19
1818	12
1819	12
1820	12
1821	12
1821	9
1822	12
1823	12
1824	12
1825	12
1826	12
1827	12
1828	12
1829	12
1830	12
1832	12
1833	12
1834	12
1835	70
1835	12
1835	19
1835	14
1836	12
1837	12
1837	9
1838	12
1839	12
1840	12
1841	12
1842	12
1843	12
1845	12
1846	12
1849	37
1849	1
1849	3
1849	88
1849	34
1849	61
1849	50
1849	28
1849	9
1850	37
1850	50
1850	34
1850	61
1850	9
1852	37
1852	50
1852	43
1852	61
1852	125
1853	37
1853	61
1855	37
1855	1
1855	50
1855	61
1855	125
1856	37
1856	61
1857	12
1858	1
1858	3
1858	61
1858	9
1859	37
1859	1
1859	3
1859	34
1859	61
1859	35
1859	151
1859	43
1859	26
1859	28
1859	30
1859	9
1860	61
1860	9
1861	3
1861	40
1864	37
1864	50
1864	61
1866	37
1866	50
1866	61
1867	37
1867	69
1867	12
1868	37
1868	1
1868	3
1868	28
1868	61
1868	35
1868	30
1869	37
1870	37
1870	12
1870	61
1870	125
1870	9
1871	37
1871	61
1873	61
1874	37
1875	37
1876	37
1877	61
1877	9
1878	12
1878	18
1879	18
1879	31
1880	18
1881	18
1882	18
1883	18
1884	12
1884	18
1885	1
1885	3
1885	18
1885	34
1885	78
1885	26
1885	12
1885	102
1885	30
1885	9
1886	18
1887	18
1888	18
1889	69
1889	3
1889	12
1889	18
1889	30
1890	18
1891	18
1892	18
1893	3
1893	18
1893	30
1894	3
1894	18
1894	28
1894	30
1895	18
1895	30
1896	10
1896	3
1896	18
1896	28
1896	61
1896	30
1897	18
1897	30
1898	3
1898	18
1898	34
1898	30
1899	10
1899	3
1899	12
1899	18
1899	152
1899	9
1900	18
1901	3
1901	18
1901	30
1902	1
1902	3
1902	18
1902	34
1902	78
1902	26
1902	30
1902	9
1903	12
1903	18
1904	12
1904	18
1905	12
1905	18
1906	1
1906	18
1906	30
1907	18
1908	1
1908	3
1908	28
1909	10
1909	1
1909	3
1909	64
1909	12
1909	6
1909	28
1909	9
1910	10
1910	1
1910	3
1910	28
1911	3
1911	28
1912	12
1913	37
1914	1
1914	3
1914	60
1914	12
1914	28
1915	12
1916	3
1916	28
1918	1
1918	3
1918	9
1919	10
1919	1
1919	3
1919	12
1919	28
1920	1
1920	12
1920	6
1920	9
1921	10
1921	1
1921	3
1921	12
1921	28
1922	10
1922	1
1922	3
1922	64
1922	12
1922	28
1922	9
1923	1
1923	3
1923	64
1923	12
1923	28
1923	109
1924	34
1925	9
1926	37
1926	10
1926	1
1926	3
1926	64
1926	6
1926	28
1926	9
1927	1
1927	3
1927	28
1927	6
1929	28
1930	1
1930	3
1930	64
1930	28
1931	1
1931	3
1931	64
1931	12
1932	10
1932	1
1932	3
1932	64
1932	12
1932	28
1932	6
1932	9
1933	1
1933	3
1933	28
1934	3
1934	88
1934	82
1934	89
1934	62
1934	49
1934	26
1934	12
1934	28
1934	19
1934	51
1934	30
1934	9
1934	31
1934	10
1934	1
1934	64
1934	34
1934	35
1934	70
1934	103
1936	9
1937	9
1938	7
1938	9
1939	10
1939	9
1941	12
1941	19
1942	19
1943	10
1943	12
1943	9
1944	9
1945	12
1947	9
1948	9
1949	10
1950	9
1951	10
1951	12
1951	9
1952	10
1952	12
1953	12
1953	9
1954	10
1955	3
1955	28
1956	9
1957	10
1958	10
1958	12
1959	18
1960	9
1961	10
1961	34
1962	12
1962	9
1963	34
1963	9
1964	10
1964	12
1965	10
1965	12
1965	9
1966	7
1967	7
1968	12
1969	12
1969	7
1970	12
1972	12
1973	12
1974	12
1975	12
1976	12
1977	12
1979	12
1981	12
1982	12
1983	12
1984	12
1985	12
1986	12
1989	37
1989	10
1989	1
1989	3
1989	113
1989	12
1989	28
1989	109
1989	9
1990	12
1991	12
1994	12
1995	12
1996	12
1997	12
1998	12
1998	7
1999	10
1999	12
1999	28
2000	3
2000	12
2000	28
2000	9
2001	12
2003	10
2003	1
2003	3
2003	12
2004	10
2004	12
2005	37
2005	10
2005	3
2005	12
2005	74
2005	28
2006	12
2007	10
2007	12
2007	28
2008	12
2008	74
2008	7
2008	9
2009	12
2010	12
2012	12
2014	12
2015	37
2015	10
2015	3
2015	12
2015	28
2016	12
2017	10
2017	12
2017	80
2017	61
2017	9
2018	10
2018	61
2019	10
2019	61
2020	12
2020	9
2021	10
2022	10
2022	9
2023	10
2023	12
2023	9
2024	61
2025	10
2025	65
2026	12
2028	10
2028	19
2028	61
2029	10
2029	12
2030	10
2030	12
2030	61
2031	10
2031	19
2031	9
2032	10
2032	9
2033	3
2033	113
2033	12
2033	7
2033	9
2034	28
2035	10
2035	19
2035	61
2036	12
2037	12
2038	6
2038	9
2039	12
2039	9
2041	10
2041	65
2042	12
2044	70
2044	12
2045	12
2046	10
2046	12
2047	28
2051	12
2051	74
2051	34
2051	7
2051	111
2052	7
2054	7
2054	9
2055	74
2055	7
2056	74
2058	7
2059	19
2060	7
2061	62
2061	1
2061	28
2061	7
2062	7
2064	34
2065	7
2068	60
2068	7
2070	12
2070	34
2076	7
2077	49
2077	12
2077	7
2077	9
2078	7
2079	7
2080	7
2081	7
2082	7
2083	7
2084	7
2085	7
2086	7
2087	7
2088	7
2089	7
2090	7
2091	41
2092	7
2093	41
2094	41
2095	7
2096	48
2096	41
2096	7
2097	41
2098	41
2098	7
2099	7
2100	41
2101	48
2101	41
2102	34
2102	41
2102	7
2103	7
2104	12
2104	6
2104	41
2104	7
2105	41
2107	12
2107	19
2108	12
2109	12
2112	12
2114	70
2114	12
2115	12
2116	12
2118	12
2119	12
2119	7
2120	12
2122	12
2123	12
2123	7
2124	12
2125	12
2126	12
2127	12
2128	70
2128	12
2129	12
2130	12
2131	12
2132	12
2133	12
2134	12
2135	12
2137	1
2137	63
2137	3
2137	26
2137	12
2137	19
2137	51
2137	9
2138	63
2138	12
2138	7
2138	9
2139	63
2139	12
2140	12
2140	9
2141	1
2141	3
2141	60
2141	28
2141	9
2143	1
2143	3
2143	27
2143	28
2143	34
2143	30
2143	9
2143	31
2144	1
2144	3
2144	28
2144	30
2144	9
2145	63
2145	12
2145	9
2147	63
2148	3
2148	34
2148	9
2152	63
2152	12
2153	7
2154	9
2155	3
2157	9
2158	63
2160	31
2167	10
2168	37
2168	10
2168	43
2168	50
2169	37
2170	37
2171	37
2172	37
2173	37
2174	37
2175	37
2176	37
2177	7
2178	37
2179	37
2179	1
2179	3
2180	37
2181	37
2182	37
2182	1
2182	28
2183	10
2183	1
2183	3
2183	64
2183	12
2183	6
2183	28
2183	9
2184	37
2185	37
2186	37
2187	37
2188	37
2189	37
2190	37
2191	37
2192	37
2193	37
2194	37
2195	37
2195	1
2196	37
2196	12
2197	12
2197	18
2198	12
2199	12
2200	12
2202	7
2203	7
2204	7
2205	7
2206	7
2207	7
2208	7
2209	7
2210	7
2211	7
2212	7
2213	7
2214	41
2214	7
2216	7
2217	41
2218	7
2219	7
2220	7
2220	105
2221	65
2221	7
2222	19
2222	9
2227	7
2228	7
2229	7
2231	65
2232	12
2234	37
2234	10
2234	1
2234	3
2234	74
2234	69
2234	158
2234	70
2234	159
2234	12
2234	28
2234	51
2234	7
2234	111
2234	9
2237	12
2240	12
2241	12
2242	12
2243	12
2248	12
2248	7
2261	12
2261	7
2265	113
2272	1
2272	3
2272	34
2272	89
2272	26
2272	6
2272	28
2272	7
2272	9
2273	12
2273	7
2274	9
2275	12
2276	1
2276	3
2276	34
2276	82
2276	6
2276	28
2276	7
2276	9
2277	9
2278	3
2278	6
2278	9
2279	7
2280	18
2281	3
2282	3
2282	34
2283	69
2283	12
2284	3
2284	34
2285	12
2286	9
2288	42
2289	70
2289	12
2289	9
2290	3
2290	9
2291	70
2292	9
2293	9
2294	19
2295	9
2295	31
2296	1
2296	3
2296	23
2296	28
2296	34
2297	62
2297	10
2297	39
2297	9
2298	1
2299	9
2300	1
2300	28
2301	9
2302	12
2302	9
2303	10
2304	70
2304	9
2306	70
2306	12
2307	12
2307	19
2308	9
2309	28
2309	7
2312	3
2312	9
2313	9
2314	1
2314	3
2314	9
2315	10
2317	3
2317	28
2318	12
2319	12
2320	12
2322	12
2323	12
2324	12
2325	12
2326	12
2328	12
2329	12
2330	12
2331	12
2332	12
2333	12
2334	12
2335	12
2336	12
2337	12
2338	12
2339	12
2340	12
2341	12
2342	12
2343	12
2344	12
2345	12
2346	12
2348	10
2348	61
2349	10
2349	12
2350	10
2351	10
2352	10
2352	61
2352	7
2353	10
2354	10
2355	10
2355	3
2355	61
2355	9
2356	10
2357	10
2358	10
2359	10
2359	50
2359	12
2359	19
2359	7
2359	9
2360	10
2361	10
2361	12
2361	41
2361	7
2362	10
2362	61
2363	10
2364	10
2365	10
2366	10
2367	10
2367	12
2367	61
2368	10
2369	10
2370	10
2370	12
2370	7
2371	10
2372	10
2373	10
2373	3
2373	12
2373	34
2373	61
2373	7
2374	10
2374	12
2375	10
2376	10
2377	10
2378	9
2379	70
2379	12
2380	70
2380	12
2381	18
2382	1
2382	3
2382	28
2382	30
2383	10
2383	1
2383	3
2383	65
2383	34
2383	9
2384	1
2384	3
2384	28
2384	9
2385	37
2386	70
2386	12
2387	70
2388	70
2388	12
2389	1
2389	39
2390	9
2392	9
2394	3
2394	88
2394	9
2395	1
2395	3
2396	12
2398	3
2399	1
2399	3
2399	19
2400	49
2400	3
2400	28
2400	34
2400	9
2401	3
2402	1
2402	3
2402	88
2402	34
2402	30
2402	94
2403	1
2403	3
2403	9
2404	3
2404	28
2405	1
2405	3
2405	18
2405	34
2405	78
2405	26
2405	12
2405	102
2405	30
2405	9
2406	12
2406	28
2406	67
2406	7
2406	9
2407	28
2407	67
2407	7
2408	12
2409	12
2410	12
2411	12
2412	12
2413	12
2414	12
2415	12
2416	12
2417	12
2418	12
2419	12
2420	12
2421	12
2422	12
2423	12
2424	19
2425	19
2427	19
2428	19
2429	19
2430	19
2431	19
2432	19
2433	19
2434	19
2435	19
2436	12
2436	7
2437	19
2438	19
2439	19
2440	19
2441	19
2442	19
2443	19
2444	19
2445	19
2446	19
2447	19
2448	19
2449	19
2450	19
2451	19
2452	19
2453	19
2454	12
2454	18
2454	80
2454	9
2456	19
2456	9
2457	7
2458	9
2459	12
2459	9
2460	9
2461	9
2465	12
2465	34
2465	9
2466	9
2467	9
2472	9
2475	12
2475	9
2476	12
2479	19
2480	9
2481	7
2481	9
2483	9
2484	7
2485	7
2486	7
2488	7
2490	7
2491	51
2491	7
2491	31
2492	12
2492	34
2492	7
2493	7
2494	1
2494	7
2495	7
2496	7
2501	7
2502	19
2502	34
2502	7
2502	9
2503	7
2504	7
2505	7
2506	7
2507	51
2507	7
2508	7
2510	7
2511	7
2512	51
2512	7
2513	7
2514	37
2515	37
2515	12
2516	37
2516	9
2517	37
2518	37
2519	37
2519	162
2520	37
2521	37
2522	37
2523	37
2523	3
2523	28
2524	37
2525	37
2526	37
2526	3
2526	28
2527	37
2528	37
2528	3
2529	37
2529	3
2529	28
2530	37
2531	37
2531	1
2531	3
2532	37
2533	37
2534	37
2534	1
2534	50
2534	3
2534	12
2535	37
2536	37
2536	3
2537	37
2537	1
2537	3
2538	37
2538	3
2539	37
2539	3
2540	37
2540	3
2540	34
2541	37
2542	37
2542	3
2543	37
2543	3
2543	12
2543	34
2544	7
2545	12
2546	12
2547	12
2548	12
2549	12
2551	12
2552	12
2553	12
2554	12
2555	12
2556	12
2557	12
2558	12
2560	12
2562	7
2563	7
2564	7
2565	18
2567	7
2570	12
2573	12
2574	12
2576	12
2578	12
2579	12
2580	12
2581	12
2582	12
2583	12
2584	12
2585	12
2586	12
2587	12
2590	12
2591	12
2592	12
2593	12
2594	18
2595	7
2596	12
2597	12
2598	12
2600	1
2600	3
2600	41
2601	3
2601	12
2601	41
2602	3
2602	41
2603	41
2604	3
2604	41
2605	41
2605	31
2606	41
2607	10
2608	19
2609	41
2609	9
2610	41
2611	1
2611	3
2611	41
2612	48
2612	41
2612	9
2613	41
2614	41
2615	41
2616	41
2617	12
2617	41
2618	34
2618	41
2618	31
2619	3
2619	41
2620	41
2621	12
2621	41
2621	7
2622	41
2623	41
2624	7
2625	41
2626	41
2627	12
2627	7
2628	12
2628	41
2629	41
2630	12
2631	70
2631	12
2631	19
2631	7
2632	12
2633	12
2633	19
2633	7
2634	1
2634	12
2634	9
2635	1
2636	12
2637	1
2637	3
2637	12
2638	12
2638	9
2641	12
2642	7
2643	12
2643	7
2644	12
2644	7
2645	70
2645	12
2645	41
2646	12
2647	113
2647	12
2648	10
2648	12
2648	7
2649	12
2649	7
2651	12
2651	7
2653	10
2654	28
2655	10
2656	12
2656	7
2657	37
2657	10
2657	12
2657	7
2658	70
2658	12
2658	7
2659	19
2660	19
2661	9
2662	19
2663	19
2664	34
2664	7
2664	9
2665	7
2666	10
2667	7
2668	9
2671	10
2673	10
2674	3
2674	28
2674	67
2674	7
2675	10
2676	3
2676	28
2676	7
2677	10
2679	7
2682	12
2684	3
2684	18
2685	3
2685	18
2685	9
2686	18
2686	9
2687	12
2687	7
2688	1
2688	18
2690	18
2691	12
2691	9
2692	18
2693	12
2693	18
2694	158
2694	18
2694	9
2695	18
2695	9
2696	18
2697	1
2697	3
2697	18
2697	30
2698	18
2699	18
2699	9
2700	18
2701	12
2701	18
2702	12
2703	12
2704	12
2705	12
2706	12
2707	12
2708	12
2709	12
2710	12
2711	12
2712	12
2713	12
2714	12
2715	12
2716	12
2717	12
2718	12
2719	12
2720	12
2721	12
2722	12
2723	12
2725	12
2726	12
2727	12
2727	19
2728	9
2729	12
2730	12
2730	7
2731	12
2732	12
2734	12
2738	7
2742	18
2743	18
2744	12
2744	18
2744	7
2744	9
2745	18
2747	70
2747	12
2747	18
2747	7
2748	18
2749	18
2751	12
2751	18
2751	7
2752	18
2753	18
2754	18
2755	18
2756	18
2757	18
2758	18
2760	18
2761	18
2762	18
2763	7
2764	12
2764	7
2765	18
2766	18
2766	9
2767	12
2768	12
2769	12
2770	12
2770	7
2771	12
2773	12
2774	12
2775	12
2776	12
2777	12
2778	12
2779	12
2780	12
2781	12
2782	12
2783	12
2784	12
2785	12
2786	12
2787	12
2788	12
2789	12
2790	12
2791	12
2792	12
2793	12
2794	12
2795	12
2796	12
2797	12
2798	12
2799	12
2800	12
2800	7
2801	1
2801	3
2801	18
2801	34
2801	12
2801	19
2801	28
2801	80
2801	30
2801	9
2801	31
2802	37
2802	10
2802	1
2802	3
2802	75
2802	162
2802	165
2802	40
2802	34
2802	41
2802	26
2802	27
2802	12
2802	102
2802	42
2802	19
2802	6
2802	51
2802	7
2802	9
2803	12
2804	12
2804	7
2805	7
2807	7
2808	7
2809	12
2809	7
2810	7
2814	7
2815	7
2816	7
2817	7
2818	7
2819	7
2820	7
2821	12
2821	7
2825	7
2826	70
2826	12
2827	7
2829	7
2830	7
2831	7
2837	12
2837	7
2838	12
2838	7
2839	7
2840	12
2841	12
2842	7
2843	12
2843	7
2845	7
2846	12
2846	7
2847	12
2848	7
2849	7
2850	12
2851	9
2852	7
2853	7
2854	12
2854	19
2855	12
2856	12
2858	9
2859	12
2860	12
2861	9
2863	12
2864	12
2864	9
2865	9
2866	9
2867	9
2868	12
2869	12
2869	18
2869	7
2870	9
2872	18
2873	28
2873	67
2873	7
2874	48
2875	7
2876	7
2877	7
2878	7
2879	12
2879	7
2880	7
2881	7
2882	7
2883	7
2884	7
2885	7
2886	7
2887	7
2888	7
2889	7
2890	7
2891	12
2892	7
2893	7
2894	12
2894	7
2895	7
2896	7
2897	7
2898	7
2899	7
2900	12
2900	7
2901	7
2902	7
2903	12
2903	7
2904	7
2905	1
2905	19
2905	9
2906	19
2906	9
2907	9
2908	9
2909	12
2909	9
2910	9
2911	12
2911	9
2912	9
2913	9
2915	9
2916	9
2917	9
2918	9
2919	9
2920	9
2921	9
2922	37
2922	10
2922	12
2922	18
2922	7
2922	9
2923	9
2924	9
2925	9
2926	9
2927	9
2928	12
2928	9
2929	7
2929	9
2930	9
2931	9
2932	9
2933	9
2934	7
2934	9
2935	12
2935	19
2935	7
2936	12
2936	19
2937	19
2938	19
2939	19
2940	19
2941	19
2942	12
2942	19
2943	19
2944	19
2945	12
2945	19
2946	12
2946	19
2947	19
2949	19
2950	19
2951	19
2952	19
2953	19
2954	19
2955	19
2956	12
2956	19
2957	19
2958	19
2959	19
2960	70
2960	12
2960	7
2962	19
2963	19
2964	19
2965	1
2965	3
2965	19
2965	9
2966	3
2966	7
2967	12
2967	7
2968	3
2968	9
2969	37
2970	3
2970	6
2971	3
2971	19
2971	28
2972	51
2972	7
2973	3
2973	28
2973	67
2974	1
2974	70
2974	3
2974	12
2974	9
2975	12
2975	7
2976	3
2979	3
2979	18
2981	7
2982	19
2983	9
2984	10
2985	12
2985	7
2986	12
2986	9
2987	12
2988	3
2988	12
2988	7
2989	10
2989	1
2989	3
2989	7
2990	7
2991	70
2991	7
2992	19
2993	3
2993	28
2993	67
2993	7
2994	7
2995	7
2996	10
2997	70
2998	7
2999	7
3000	28
3000	7
3001	7
3002	10
3003	65
3003	7
3004	7
3005	7
3006	7
3007	10
3007	7
3008	12
3008	7
3009	18
3010	7
3011	7
3012	10
3012	166
3012	65
3012	12
3012	61
3012	7
3012	105
3013	7
3013	9
3014	37
3014	10
3014	12
3014	7
3015	7
3016	7
3017	7
3018	1
3018	7
3019	12
3019	28
3019	9
3020	10
3020	12
3021	12
3022	7
3023	7
3024	10
3024	65
3024	12
3024	167
3024	61
3024	7
3024	105
3024	9
3025	7
3026	12
3027	7
3028	37
3028	10
3028	1
3028	3
3028	23
3028	99
3028	65
3028	39
3028	34
3028	168
3028	27
3028	12
3028	19
3028	80
3028	7
3028	9
3029	7
3030	6
3030	7
3034	12
3034	7
3035	7
3036	12
3037	12
3038	37
3038	10
3038	3
3038	65
3038	167
3038	61
3038	41
3038	70
3038	12
3038	19
3038	6
3038	7
3038	111
3038	105
3038	9
3039	10
3040	10
3040	1
3040	3
3040	12
3040	7
3041	12
3041	9
3042	9
3043	9
3044	3
3044	9
3045	9
3046	3
3047	3
3047	6
3047	9
3048	12
3048	18
3049	9
3050	3
3051	18
3052	18
3053	18
3054	18
3055	3
3055	18
3055	9
3056	18
3057	3
3057	9
3058	18
3058	9
3059	18
3060	18
3061	18
3062	12
3062	9
3063	12
3063	9
3064	12
3064	7
3064	9
3065	28
3065	7
3066	18
3068	9
3069	9
3070	9
3071	9
3073	9
3074	9
3075	9
3076	7
3077	9
3079	9
3080	9
3081	9
3082	9
3083	70
3083	12
3084	12
3084	7
3085	12
3086	12
3087	12
3088	12
3089	12
3090	12
3091	12
3092	7
3093	1
3093	3
3093	7
3094	12
3094	7
3095	3
3096	7
3097	1
3097	3
3097	12
3097	9
3098	1
3098	3
3098	34
3099	34
3099	7
3100	12
3100	7
3101	70
3101	12
3101	7
3103	12
3104	7
3105	12
3105	7
3107	7
3108	12
3108	7
3108	9
3109	70
3109	12
3109	7
3110	12
3110	7
3111	9
3112	12
3112	7
3112	9
3113	7
3114	7
3115	12
3116	12
3117	12
3117	19
3117	9
3118	9
3119	19
3120	19
3121	10
3121	19
3122	12
3122	19
3122	9
3124	12
3125	1
3125	3
3125	34
3125	12
3125	28
3125	7
3125	9
3126	7
3127	1
3127	3
3127	7
3128	1
3128	3
3128	28
3128	34
3128	30
3129	70
3129	12
3129	7
3130	12
3131	1
3131	12
3131	7
3132	7
3133	7
3135	7
3136	7
3137	3
3137	7
3138	1
3138	3
3138	12
3138	9
3139	7
3140	7
3141	70
3141	12
3141	7
3142	7
3143	7
3144	7
3145	7
3146	7
3147	7
3149	7
3150	7
3151	1
3151	3
3151	34
3151	26
3151	12
3151	6
3151	28
3151	7
3151	9
3152	7
3153	34
3153	7
3154	7
3155	12
3156	12
3157	12
3158	12
3159	12
3160	12
3161	12
3162	12
3163	12
3164	12
3165	12
3166	12
3167	12
3168	12
3169	12
3170	12
3171	12
3172	12
3173	12
3174	12
3175	12
3176	12
3177	12
3178	12
3179	12
3180	12
3181	12
3182	12
3183	12
3184	12
3185	10
3185	3
3185	12
3185	7
3185	9
3186	9
3187	28
3188	12
3188	19
3189	12
3189	9
3190	12
3191	3
3191	9
3192	9
3193	9
3194	12
3194	9
3195	9
3196	12
3196	9
3197	9
3198	12
3198	9
3199	12
3199	9
3200	18
3201	12
3201	9
3202	12
3202	9
3203	12
3203	9
3204	12
3205	12
3205	34
3206	12
3208	9
3209	12
3209	9
3213	12
3214	9
3215	70
3215	12
3215	7
3216	7
3217	7
3218	70
3218	12
3218	7
3219	70
3219	12
3219	7
3220	70
3220	12
3220	7
3221	70
3221	12
3221	7
3222	70
3222	12
3222	7
3223	7
3224	12
3224	7
3225	70
3225	12
3225	7
3226	12
3226	7
3227	12
3227	7
3228	12
3228	7
3230	12
3230	7
3231	12
3231	7
3232	12
3232	7
3233	12
3233	7
3234	7
3235	12
3235	7
3236	70
3236	12
3236	7
3237	12
3237	7
3238	12
3238	7
3240	12
3240	7
3241	12
3241	7
3242	12
3242	7
3244	12
3244	7
3245	10
3246	70
3247	10
3248	28
3248	7
3249	28
3249	7
3251	10
3252	10
3253	12
3254	28
3255	10
3256	10
3256	61
3257	18
3258	61
3259	12
3260	9
3261	3
3261	28
3261	7
3262	7
3263	105
3264	26
3264	18
3265	9
3267	9
3268	89
3276	89
3277	89
3278	120
3278	151
3278	65
3278	170
3279	89
3280	89
3281	89
3282	9
3283	89
3283	9
3285	89
3286	89
3287	89
3288	89
3289	12
3290	12
3291	12
3292	12
3293	12
3294	12
3295	12
3296	70
3296	12
3298	12
3299	12
3300	12
3301	12
3302	12
3303	12
3304	12
3305	12
3306	12
3307	12
3308	12
3309	12
3310	12
3311	12
3312	12
3313	12
3313	19
3314	12
3315	12
3319	12
3319	6
3319	7
3319	9
3320	9
3321	70
3321	12
3322	9
3323	19
3324	19
3325	69
3325	12
3326	10
3326	9
3327	7
3328	28
3328	7
3329	37
3330	9
3331	9
3332	9
3333	19
3334	7
3336	9
3337	19
3338	9
3339	12
3340	28
3341	12
3342	9
3343	18
3344	18
3345	9
3346	9
3347	9
3348	9
3349	7
3350	7
3351	7
3352	7
3353	7
3354	7
3355	7
3356	7
3357	7
3358	7
3359	7
3360	7
3361	7
3362	7
3363	7
3366	7
3368	7
3369	7
3372	7
3374	7
3376	7
3377	7
3378	7
3379	12
3380	12
3381	12
3382	12
3383	12
3384	12
3385	12
3386	12
3387	12
3389	9
3390	1
3390	3
3390	28
3392	49
3392	1
3392	3
3392	64
3392	28
3392	34
3392	30
3395	1
3395	3
3395	6
3397	1
3397	3
3397	28
3398	1
3398	3
3398	28
3398	80
3398	35
3398	9
3399	1
3399	3
3399	28
3399	30
3399	9
3399	31
3400	1
3400	3
3400	34
3400	26
3400	28
3400	30
3400	9
3402	37
3402	1
3402	3
3405	1
3406	1
3406	3
3408	37
3409	12
3410	12
3411	111
3412	12
3412	111
3413	12
3414	12
3415	12
3417	12
3418	12
3419	12
3420	12
3421	3
3421	12
3421	7
3421	9
3422	12
3423	12
3424	12
3425	12
3426	12
3427	12
3428	12
3429	12
3429	7
3431	12
3431	34
3431	125
3431	7
3432	12
3433	12
3435	12
3435	41
3435	7
3436	12
3436	7
3437	65
3437	12
3437	7
3438	12
3440	12
3440	7
3441	12
3441	19
3441	41
3441	125
3442	12
3443	70
3443	12
3443	19
3443	7
3443	14
3444	12
3445	12
3446	12
3447	12
3448	28
3448	67
3448	7
3449	26
3449	28
3449	67
3450	28
3451	26
3451	12
3451	28
3452	26
3452	28
3452	67
3453	12
3453	7
3454	1
3454	67
3455	1
3455	28
3455	67
3456	67
3457	1
3457	67
3458	3
3458	28
3458	7
3459	28
3459	67
3459	7
3460	28
3460	67
3461	12
3462	12
3462	111
3463	12
3464	12
3465	12
3466	12
3467	12
3468	12
3469	12
3470	12
3471	12
3472	12
3473	12
3474	12
3475	12
3476	12
3477	12
3478	12
3479	12
3480	12
3481	12
3482	12
3483	12
3485	12
3486	12
3487	12
3488	12
3490	12
3492	19
3493	19
3494	12
3494	19
3495	12
3495	19
3496	19
3497	12
3497	19
3497	111
3499	19
3500	19
3501	19
3502	19
3503	19
3504	19
3505	19
3506	19
3507	19
3508	19
3509	19
3510	19
3511	19
3512	19
3513	19
3514	19
3515	19
3516	19
3517	19
3518	19
3519	19
3520	19
3521	28
3522	3
3522	28
3523	28
3524	28
3524	7
3525	28
3526	28
3527	28
3528	28
3529	28
3529	7
3530	28
3531	28
3531	7
3533	3
3533	28
3534	1
3534	28
3535	3
3535	28
3536	3
3537	28
3538	28
3539	28
3541	19
3542	19
3544	28
3545	28
3547	12
3548	12
3549	12
3550	12
3551	12
3552	12
3553	12
3554	12
3555	12
3556	12
3557	12
3558	12
3559	12
3560	12
3561	12
3562	12
3563	12
3564	12
3565	12
3566	12
3567	12
3568	12
3569	12
3570	12
3571	12
3572	12
3574	12
3575	12
3576	10
3576	65
3576	9
3577	10
3577	1
3577	3
3577	65
3577	12
3577	9
3578	10
3579	10
3580	10
3580	65
3580	12
3581	10
3581	65
3581	12
3582	10
3582	65
3582	12
3583	65
3584	10
3584	70
3584	65
3585	10
3585	65
3586	10
3586	65
3586	12
3587	65
3587	12
3588	10
3588	70
3588	65
3589	65
3590	10
3590	65
3591	65
3592	65
3593	10
3593	65
3594	65
3595	10
3595	65
3595	12
3596	65
3596	12
3597	65
3597	6
3598	10
3598	65
3599	10
3599	65
3600	65
3601	65
3602	10
3602	65
3602	9
3603	65
3604	65
3605	65
3606	70
3606	7
3607	7
3608	12
3608	7
3609	7
3611	12
3611	7
3614	7
3616	7
3618	3
3619	1
3619	3
3619	34
3620	1
3621	46
3624	9
3625	1
3625	3
3625	46
3626	10
3627	3
3627	34
3628	10
3629	3
3630	1
3634	46
3635	10
3636	3
3637	10
3638	1
3639	1
3640	1
3642	1
3643	10
3644	10
3645	10
3645	3
3646	37
3646	3
3647	28
3647	7
3648	28
3648	7
3649	28
3649	7
3650	10
3650	12
3650	61
3650	9
3651	28
3651	7
3652	28
3653	10
3653	1
3653	3
3653	9
3653	31
3654	1
3656	9
3658	28
3658	7
3659	1
3659	3
3659	12
3659	9
3660	28
3661	28
3662	28
3662	7
3663	12
3664	28
3665	12
3666	12
3667	12
3668	12
3669	12
3670	12
3671	12
3672	12
3673	12
3674	12
3675	12
3676	12
3677	12
3678	19
3679	19
3680	12
3680	19
3680	7
3681	19
3682	19
3683	12
3683	18
3683	19
3683	7
3683	9
3684	12
3685	12
3685	34
3687	12
3688	12
3690	12
3691	12
3692	12
3693	12
3694	12
3695	1
3695	3
3696	12
3696	28
3696	9
3697	7
3698	10
3699	10
3701	12
3701	34
3701	127
3701	9
3702	3
3702	165
3702	28
3702	34
3702	7
3702	30
3702	31
3703	9
3704	7
3705	60
3705	7
3705	9
3706	12
3706	9
3707	10
3708	10
3710	10
3710	1
3710	3
3711	9
3712	1
3712	3
3712	12
3712	28
3712	34
3712	7
3712	30
3712	9
3714	10
3715	9
3717	9
3718	1
3718	3
3718	18
3718	6
3718	9
3719	10
3720	9
3722	10
3724	31
3725	12
3725	7
3726	7
3727	7
3728	7
3729	70
3729	12
3729	7
3730	7
3731	19
3732	7
3733	7
3734	7
3735	7
3737	7
3738	7
3739	7
3740	7
3741	12
3741	7
3742	7
3743	7
3744	7
3745	7
3746	7
3747	7
3748	7
3749	7
3751	7
3753	18
3753	7
3754	7
3755	7
3757	28
3758	12
3758	7
3759	12
3760	19
3761	19
3762	12
3764	12
3765	37
3766	9
3767	7
3768	10
3769	12
3770	12
3771	12
3772	12
3773	12
3774	12
3775	70
3775	12
3776	12
3777	12
3778	12
3778	7
3779	12
3780	10
3781	10
3782	10
3783	12
3784	12
3785	12
3785	9
3786	10
3786	65
3786	7
3786	9
3787	37
3787	12
3787	9
3788	1
3789	7
3790	10
3790	1
3790	3
3790	74
3790	34
3790	70
3790	12
3790	42
3790	7
3790	9
3792	12
3792	7
3793	12
3793	9
3794	7
3795	9
3796	12
3796	9
3797	70
3797	9
3798	12
3799	12
3800	70
3800	12
3800	7
3801	10
3801	9
3802	12
3802	7
3802	9
3803	12
3804	12
3804	7
3804	9
3805	12
3805	7
3805	9
3806	12
3807	70
3807	9
3808	12
3809	10
3810	12
3812	12
3814	12
3815	7
3816	12
3816	67
3817	105
3818	12
3818	105
3819	69
3819	1
3819	70
3819	3
3819	12
3819	28
3819	9
3820	12
3820	7
3821	12
3822	12
3822	105
3823	12
3823	105
3824	12
3824	105
3825	12
3825	105
3826	105
3827	12
3827	105
3828	12
3828	105
3829	12
3829	105
3830	12
3830	9
3830	105
3831	12
3831	105
3832	12
3832	105
3833	12
3833	105
3834	12
3834	7
3835	7
3836	105
3837	12
3837	105
3840	19
3841	19
3843	12
3843	19
3844	12
3844	19
3846	12
3846	19
3847	19
3848	19
3849	12
3849	19
3850	12
3850	19
3851	12
3851	19
3851	7
3852	12
3852	19
3853	10
3854	12
3854	19
3855	12
3855	19
3855	9
3856	12
3856	19
3858	19
3859	19
3860	12
3860	19
3860	34
3861	12
3861	19
3862	12
3862	19
3863	12
3864	19
3865	19
3866	19
3867	19
3868	19
3869	12
3869	19
3869	9
3870	12
3871	12
3872	12
3873	12
3874	12
3875	12
3876	12
3877	12
3878	12
3879	12
3880	12
3881	12
3882	12
3883	12
3884	12
3885	12
3886	12
3887	12
3888	12
3889	12
3890	12
3891	12
3892	12
3893	12
3894	12
3895	12
3896	12
3897	12
3898	12
3899	12
3900	37
3900	1
3900	3
3900	28
3900	9
3901	37
3901	12
3902	37
3903	37
3904	37
3905	37
3906	37
3907	37
3909	37
3910	37
3911	37
3911	69
3911	12
3912	37
3913	37
3914	37
3918	37
3919	37
3919	12
3920	37
3921	37
3922	37
3923	37
3924	37
3924	12
3926	37
3927	37
3928	37
3929	37
3929	12
3930	12
3930	9
3931	12
3932	12
3934	12
3934	7
3934	9
3935	12
3935	7
3936	12
3936	7
3937	70
3937	12
3940	12
3941	12
3942	12
3943	12
3944	12
3944	9
3945	12
3946	12
3947	28
3948	12
3949	12
3951	12
3951	7
3951	9
3952	1
3952	28
3953	1
3953	48
3953	12
3953	74
3954	12
3955	12
3957	1
3957	12
3957	39
3957	41
3957	111
3957	9
3958	12
3958	7
3959	12
3960	12
3961	12
3962	12
3963	12
3963	7
3964	12
3965	12
3966	12
3967	12
3968	12
3969	12
3970	12
3971	12
3972	12
3972	7
3973	12
3974	70
3974	12
3975	12
3976	12
3977	12
3981	12
3982	12
3983	12
3984	3
3984	12
3985	12
3986	3
3986	12
3987	12
3988	12
3989	12
3990	1
3990	3
3990	64
3990	12
3990	28
3990	9
3991	12
3992	12
3993	12
3994	12
3995	12
3996	12
3998	12
3999	9
4000	70
4000	12
4000	19
4001	12
4002	12
4003	10
4004	10
4004	65
4004	34
4004	69
4004	12
4004	19
4004	7
4004	111
4005	12
4007	12
4008	10
4008	65
4008	12
4009	12
4010	10
4010	65
4010	12
4011	65
4012	65
4013	12
4014	10
4015	12
4015	7
4016	12
4018	10
4018	65
4020	10
4022	10
4022	65
4022	9
4024	65
4025	10
4025	65
4025	12
4025	61
4026	10
4027	10
4027	65
4027	9
4029	37
4029	10
4029	12
4029	19
4029	9
4030	12
4030	19
4031	12
4032	12
4033	12
4034	37
4034	10
4034	12
4034	19
4035	1
4035	3
4035	12
4035	19
4035	7
4035	111
4036	12
4036	19
4037	12
4037	19
4038	10
4038	12
4039	12
4040	12
4041	12
4042	12
4043	12
4044	12
4045	12
4046	12
4046	19
4047	12
4047	19
4048	12
4049	12
4050	10
4050	12
4050	19
4051	12
4051	7
4054	12
4055	12
4055	19
4057	12
4058	12
4059	12
4059	9
4060	12
4060	19
4061	12
4062	12
4063	9
4064	12
4064	9
4066	12
4066	9
4067	12
4067	9
4069	10
4069	12
4069	9
4070	12
4070	19
4071	12
4071	9
4072	12
4072	9
4073	9
4074	12
4075	12
4075	7
4076	12
4076	34
4076	9
4077	12
4077	9
4078	12
4079	12
4080	12
4081	12
4082	12
4082	9
4083	12
4083	9
4084	70
4084	12
4084	19
4084	167
4084	7
4084	14
4085	9
4086	12
4087	12
4087	9
4089	3
4089	64
4089	28
4089	7
4090	28
4090	7
4091	28
4091	7
4092	28
4092	7
4093	28
4093	7
4094	28
4094	7
4095	28
4095	7
4096	28
4096	7
4097	28
4097	7
4098	28
4098	7
4099	28
4099	7
4100	28
4100	7
4101	3
4101	28
4101	7
4102	1
4102	3
4102	63
4102	28
4102	34
4102	30
4103	3
4103	63
4103	28
4103	30
4104	3
4104	63
4104	30
4105	1
4105	3
4105	63
4105	28
4105	34
4105	30
4106	1
4106	3
4106	63
4106	28
4106	34
4106	30
4107	1
4107	3
4107	63
4107	34
4107	30
4107	9
4107	31
4108	1
4108	3
4108	63
4108	34
4108	9
4109	10
4109	3
4109	63
4110	3
4110	30
4113	1
4113	3
4113	28
4114	3
4114	28
4115	1
4115	3
4115	63
4115	28
4115	34
4115	9
4115	31
4117	1
4117	3
4118	12
4119	1
4119	3
4119	28
4119	34
4119	30
4121	1
4121	3
4121	34
4121	26
4121	12
4121	19
4121	28
4122	3
4122	88
4122	19
4122	34
4123	19
4124	19
4125	12
4125	19
4126	1
4126	3
4126	19
4127	12
4127	19
4127	34
4128	12
4128	19
4129	19
4130	10
4130	3
4130	34
4130	49
4130	12
4130	19
4130	51
4130	9
4131	12
4131	19
4132	12
4132	19
4133	1
4133	12
4133	19
4133	30
4134	19
4135	19
4136	19
4137	12
4137	19
4138	1
4138	12
4138	19
4138	34
4139	19
4140	1
4140	3
4140	75
4140	26
4140	12
4140	19
4140	9
4141	19
4142	3
4142	12
4142	19
4143	3
4143	12
4143	19
4144	3
4144	19
4145	3
4145	19
4146	19
4147	3
4147	12
4147	19
4150	12
4151	12
4151	7
4152	12
4153	12
4153	7
4154	12
4155	12
4156	12
4157	12
4157	7
4158	12
4159	12
4160	9
4161	12
4162	12
4163	12
4163	7
4163	89
4164	12
4165	12
4168	12
4170	12
4171	12
4171	34
4171	7
4171	9
4172	12
4172	7
4173	1
4173	3
4173	7
4174	10
4174	1
4174	3
4174	7
4175	7
4176	1
4176	3
4176	75
4176	39
4176	34
4176	49
4176	26
4176	12
4176	7
4176	30
4176	31
4176	9
4177	7
4178	7
4179	7
4180	7
4181	12
4181	7
4182	7
4183	3
4183	7
4184	7
4185	12
4185	7
4186	3
4186	7
4187	7
4188	7
4189	7
4190	7
4191	7
4192	7
4194	1
4194	3
4194	7
4195	7
4196	7
4197	3
4197	7
4198	7
4199	3
4199	80
4199	7
4200	7
4201	19
4202	12
4202	19
4203	9
4204	9
4205	19
4206	19
4207	9
4208	9
4209	19
4210	19
4211	19
4213	9
4214	12
4214	19
4215	19
4216	19
4217	19
4218	19
4219	19
4220	9
4221	19
4222	19
4223	19
4224	19
4225	19
4226	19
4227	19
4228	19
4229	19
4230	12
4230	19
4230	9
4231	3
4231	12
4231	19
4232	1
4232	3
4232	12
4232	19
4233	1
4233	19
4234	12
4234	19
4234	9
4235	3
4235	12
4235	19
4235	9
4237	12
4237	19
4238	19
4239	19
4240	7
4241	7
4242	12
4243	12
4244	19
4245	19
4247	7
4248	19
4249	19
4251	9
4252	19
4254	7
4255	12
4255	19
4255	7
4255	9
4256	70
4256	19
4258	18
4259	19
4260	10
4260	65
4260	61
4261	37
4262	9
4263	10
4264	7
4265	7
4266	10
4266	40
4266	31
4267	10
4268	37
4268	10
4268	12
4269	10
4270	10
4271	10
4271	105
4272	10
4272	12
4272	19
4273	10
4273	34
4273	82
4273	9
4274	37
4274	3
4274	174
4274	82
4274	61
4274	41
4274	69
4274	49
4274	50
4274	43
4274	12
4274	28
4274	7
4274	123
4274	9
4274	10
4274	1
4274	65
4274	34
4274	66
4274	70
4274	176
4275	37
4276	9
4277	10
4277	65
4278	9
4279	1
4280	62
4280	10
4280	12
4280	61
4280	66
4281	10
4282	10
4282	12
4282	66
4283	10
4283	12
4283	61
4283	66
4284	10
4284	66
4286	10
4286	66
4288	10
4288	61
4288	66
4288	69
4288	12
4288	42
4288	7
4288	111
4288	15
4289	12
4289	9
4290	10
4290	1
4290	3
4290	64
4290	88
4290	34
4290	26
4290	12
4290	28
4290	6
4290	9
4291	10
4292	37
4292	10
4293	1
4293	3
4293	6
4294	10
4295	37
4295	10
4296	10
4296	12
4296	19
4297	10
4297	34
4297	41
4297	9
4298	10
4298	61
4299	10
4300	10
4300	1
4300	9
4301	10
4301	12
4302	10
4302	12
4303	10
4304	10
4304	3
4304	12
4304	6
4305	10
4305	12
4306	10
4306	12
4307	10
4309	10
4310	10
4310	1
4310	3
4310	28
4310	6
4311	10
4312	10
4312	1
4312	3
4313	3
4313	28
4313	7
4315	10
4315	12
4316	19
4318	65
4319	10
4319	65
4320	70
4320	12
4321	10
4321	65
4322	65
4323	65
4325	9
4326	9
4328	65
4330	10
4334	10
4335	65
4336	65
4337	65
4338	65
4339	65
4340	10
4341	65
4342	70
4342	65
4342	12
4343	12
4344	10
4344	65
4345	10
4348	1
4348	3
4348	28
4348	30
4348	9
4349	9
4350	120
4350	10
4350	1
4350	3
4350	26
4351	10
4351	1
4351	3
4351	28
4351	30
4351	9
4351	31
4352	1
4352	3
4352	28
4353	10
4354	1
4354	3
4354	28
4354	9
4355	37
4355	10
4355	1
4355	3
4355	34
4355	7
4355	9
4355	31
4356	3
4356	9
4357	1
4357	3
4358	3
4358	28
4358	34
4358	30
4359	3
4360	1
4360	3
4360	26
4360	30
4361	10
4362	3
4363	1
4363	3
4364	3
4365	1
4365	3
4365	28
4366	10
4367	3
4369	1
4369	3
4369	28
4369	34
4369	9
4370	3
4370	28
4371	10
4372	3
4373	1
4373	3
4373	43
4373	30
4374	1
4374	3
4374	30
4375	1
4375	3
4375	30
4376	3
4377	10
4377	1
4377	3
4377	39
4377	34
4377	62
4377	30
4377	94
4377	9
4379	10
4380	10
4381	12
4381	7
4382	12
4383	1
4383	3
4383	28
4383	67
4383	34
4383	7
4383	9
4384	61
4385	3
4385	28
4385	7
4386	10
4387	10
4388	10
4389	10
4390	10
4391	10
4392	10
4393	10
4394	10
4394	1
4394	3
4395	28
4395	7
4396	10
4397	10
4398	10
4399	10
4400	10
4401	1
4401	3
4401	28
4402	64
4402	28
4402	7
4403	1
4403	3
4403	12
4404	3
4404	12
4404	18
4404	28
4404	7
4404	9
4405	7
4406	19
4407	19
4408	19
4409	19
4410	19
4411	19
4412	19
4413	12
4413	19
4413	7
4414	19
4415	12
4415	19
4416	19
4417	19
4418	19
4419	19
4420	19
4421	19
4422	19
4423	19
4424	12
4424	19
4425	19
4426	19
4427	19
4428	19
4429	19
4430	19
4431	12
4432	19
4433	19
4434	19
4466	1
4466	3
4466	9
4467	3
4467	7
4468	10
4468	1
4469	1
4469	3
4469	9
4470	1
4470	3
4470	41
4471	49
4471	34
4472	37
4473	19
4473	34
4473	9
4474	1
4474	3
4475	1
4475	3
4476	3
4476	41
4476	9
4477	10
4477	1
4477	3
4477	34
4477	35
4477	158
4477	12
4477	19
4477	7
4477	9
4478	1
4478	3
4479	37
4479	3
4479	125
4480	1
4481	1
4483	1
4483	3
4484	10
4485	37
4485	1
4485	3
4485	34
4485	7
4486	3
4486	6
4487	10
4487	1
4487	3
4487	19
4487	7
4488	10
4488	1
4488	3
4488	158
4488	12
4488	7
4488	9
4489	37
4489	12
4490	3
4490	12
4491	10
4492	3
4493	3
4494	105
4495	10
4495	1
4495	105
4496	70
4496	12
4497	70
4497	12
4497	7
4498	70
4498	12
4499	1
4499	12
4500	12
4501	12
4502	7
4503	12
4504	12
4505	12
4506	67
4507	12
4508	12
4509	12
4510	12
4511	69
4511	12
4512	70
4512	12
4513	10
4513	12
4513	19
4513	34
4513	111
4514	12
4514	19
4515	12
4516	10
4516	12
4517	12
4517	19
4519	12
4519	19
4519	111
4519	9
4520	12
4520	9
4521	12
4522	12
4524	10
4524	12
4525	12
4527	12
4529	12
4529	7
4530	12
4532	12
4533	12
4534	12
4535	12
4536	12
4537	12
4538	12
4539	12
4540	12
4541	111
4542	10
4542	1
4542	3
4542	64
4542	28
4542	30
4542	9
4544	34
4544	9
4545	3
4546	3
4547	12
4547	18
4548	10
4549	18
4551	12
4552	18
4553	9
4554	18
4554	7
4559	12
4559	9
4561	82
4562	18
4564	18
4566	7
4567	19
4567	7
4568	3
4568	12
4568	7
4569	1
4569	3
4570	12
4572	7
4573	7
4574	7
4575	12
4575	7
4577	34
4578	7
4579	7
4580	7
4581	7
4582	7
4583	10
4583	3
4583	7
4584	7
4586	7
4587	49
4587	34
4588	7
4589	7
4590	3
4590	7
4591	12
4591	19
4592	12
4593	7
4594	34
4595	34
4596	12
4597	12
4598	12
4599	12
4600	12
4601	12
4602	12
4603	12
4604	12
4605	12
4606	12
4607	12
4608	12
4609	12
4610	12
4611	12
4612	12
4613	12
4614	12
4615	1
4615	12
4616	12
4617	12
4618	12
4619	12
4620	12
4621	12
4622	12
4623	12
4624	12
4625	12
4626	3
4626	34
4627	3
4628	3
4628	34
4629	3
4629	34
4630	49
4630	34
4631	3
4631	34
4632	3
4633	3
4633	34
4634	3
4635	3
4635	34
4636	3
4637	3
4637	6
4637	34
4638	3
4639	3
4641	3
4641	34
4641	41
4642	3
4642	34
4643	12
4643	6
4643	34
4644	6
4644	34
4645	3
4646	3
4646	34
4647	3
4648	34
4649	6
4650	6
4651	6
4652	6
4653	6
4654	34
4655	1
4655	3
4655	60
4655	28
4655	34
4655	7
4655	30
4656	9
4657	12
4658	9
4660	19
4661	9
4662	9
4663	48
4663	12
4663	19
4663	34
4663	7
4664	9
4665	12
4665	18
4666	7
4667	12
4667	9
4668	18
4669	18
4670	9
4671	19
4673	18
4674	18
4675	18
4676	65
4676	9
4678	9
4679	18
4680	18
4681	18
4682	18
4686	10
4686	12
4686	9
4687	9
4688	9
4691	10
4692	12
4692	19
4692	7
4693	12
4693	19
4693	7
4694	12
4694	7
4696	12
4697	12
4697	6
4699	12
4700	10
4700	1
4700	9
4701	3
4701	18
4701	50
4701	12
4701	30
4701	9
4701	31
4701	10
4701	1
4701	34
4702	10
4702	65
4702	9
4703	12
4704	12
4705	12
4708	10
4708	3
4709	10
4715	10
4715	12
4716	33
4716	19
4717	12
4717	19
4718	23
4718	19
4719	19
4720	19
4721	19
4721	51
4722	19
4723	19
4724	23
4725	19
4727	12
4727	7
4728	12
4730	12
4730	7
4732	12
4732	7
4733	7
4734	12
4734	7
4735	12
4736	12
4737	7
4738	7
4739	12
4740	34
4741	12
4742	12
4743	12
4744	65
4745	12
4746	12
4747	12
4748	1
4749	1
4749	3
4750	10
4750	65
4751	12
4752	12
4754	12
4755	12
4756	12
4757	1
4757	3
4757	12
4757	28
4757	34
4757	9
4758	37
4758	10
4758	1
4758	3
4758	64
4758	12
4758	28
4758	9
4759	12
4760	37
4760	10
4760	12
4760	19
4760	34
4760	41
4760	7
4760	9
4761	1
4761	3
4761	64
4761	28
4761	9
4762	1
4762	3
4762	60
4762	64
4762	12
4762	28
4762	34
4762	7
4762	30
4762	9
4763	12
4764	10
4765	12
4765	9
4766	3
4766	28
4766	7
4767	12
4767	28
4767	19
4767	34
4767	7
4767	9
4769	12
4769	9
4770	10
4771	1
4771	3
4771	28
4772	12
4773	12
4774	12
4774	9
4776	7
4777	7
4778	3
4778	28
4778	7
4779	12
4780	7
4781	10
4782	10
4782	3
4782	12
4782	28
4782	9
4783	10
4783	12
4784	70
4784	12
4784	9
4785	7
4786	12
4787	70
4787	12
4787	7
4788	12
4788	7
4789	7
4790	7
4791	12
4791	7
4792	12
4792	7
4793	7
4794	34
4794	7
4795	12
4795	7
4796	12
4796	7
4797	70
4797	7
4798	7
4799	113
4799	12
4799	7
4800	7
4801	12
4801	7
4802	12
4802	7
4803	12
4803	7
4804	7
4805	7
4806	12
4806	7
4807	12
4807	7
4808	7
4809	7
4811	7
4812	7
4813	7
4814	7
4815	7
4817	12
4818	12
4818	7
4818	9
4819	12
4819	9
4820	12
4820	9
4821	9
4823	12
4823	9
4824	9
4825	12
4825	9
4826	9
4827	9
4828	37
4828	10
4828	3
4828	12
4828	28
4828	19
4828	34
4828	7
4828	9
4830	12
4831	9
4832	9
4834	12
4834	9
4836	10
4837	12
4837	19
4837	9
4838	3
4838	12
4838	19
4838	9
4839	9
4840	34
4840	7
4840	9
4841	12
4841	9
4843	1
4843	19
4844	12
4844	9
4845	9
4846	9
4847	12
4848	12
4849	12
4850	12
4851	12
4852	12
4853	12
4854	12
4855	12
4856	12
4857	12
4858	12
4859	12
4860	12
4861	12
4862	12
4863	12
4864	12
4865	12
4866	12
4867	12
4868	12
4870	12
4871	12
4872	12
4873	12
4874	12
4875	12
4876	19
4877	19
4878	19
4879	19
4880	19
4881	3
4881	12
4881	19
4882	19
4884	12
4884	19
4886	3
4887	28
4887	67
4887	7
4889	28
4889	67
4889	7
4890	28
4890	67
4890	7
4891	67
4891	7
4892	10
4892	12
4892	7
4893	10
4893	12
4893	7
4894	12
4894	7
4895	12
4896	10
4897	10
4898	10
4898	7
4899	10
4899	12
4900	10
4900	19
4901	10
4901	60
4903	10
4903	7
4904	10
4904	12
4905	10
4905	7
4906	10
4906	3
4906	7
4907	10
4908	10
4909	10
4911	10
4912	10
4912	12
4912	61
4913	10
4914	10
4915	10
4915	123
4916	10
4917	10
4917	123
4918	10
4919	10
4920	10
4921	10
4922	3
4922	75
4922	18
4922	82
4922	48
4922	12
4922	28
4922	6
4922	7
4922	30
4922	105
4922	9
4922	10
4922	1
4922	65
4922	74
4922	34
4922	35
4922	145
4922	102
4923	1
4923	3
4923	30
4924	145
4924	7
4925	1
4925	3
4925	28
4925	82
4925	9
4926	1
4926	3
4927	145
4928	145
4929	145
4930	145
4930	3
4931	3
4931	30
4932	145
4933	145
4934	145
4935	9
4936	1
4936	3
4936	28
4936	34
4936	30
4937	145
4938	1
4938	3
4938	102
4939	145
4940	145
4941	145
4941	12
4943	145
4943	3
4943	7
4944	145
4945	1
4945	3
4945	64
4945	34
4945	12
4945	28
4945	9
4946	1
4946	3
4946	64
4946	34
4946	109
4946	12
4946	28
4946	102
4946	182
4946	152
4946	30
4946	9
4946	31
4947	145
4949	12
4949	7
4950	7
4951	7
4952	7
4953	70
4953	12
4953	7
4954	7
4955	7
4957	10
4957	1
4957	3
4957	34
4957	9
4959	1
4959	3
4959	6
4959	28
4960	113
4961	3
4961	41
4963	12
4964	12
4965	12
4966	12
4968	12
4969	12
4970	12
4971	12
4971	7
4972	12
4973	12
4974	12
4975	12
4976	12
4977	12
4978	12
4979	12
4980	12
4981	12
4982	12
4983	12
4985	10
4986	28
4987	75
4987	3
4987	82
4987	80
4987	9
4988	9
4989	12
4989	9
4992	9
4993	75
4993	7
4995	9
4996	75
4996	9
4997	34
4997	9
4998	9
4999	9
5000	9
5001	9
5002	9
5003	12
5004	9
5005	9
5006	70
5006	12
5006	9
5007	9
5009	9
5010	9
5011	75
5011	9
5012	9
5014	70
5015	70
5015	12
5016	9
5017	9
5018	28
5018	9
5018	31
5020	12
5020	9
5021	12
5022	12
5022	9
5023	9
5026	9
5027	75
5028	9
5029	9
5030	9
5034	9
5035	12
5035	9
5036	9
5037	69
5037	12
5037	9
5038	12
5038	9
5039	1
5039	12
5039	9
5040	70
5040	12
5041	1
5041	12
5041	9
5042	9
5043	10
5043	65
5043	12
5043	61
5043	7
5043	9
5045	65
5046	12
5046	7
5046	9
5047	9
5048	28
5051	12
5051	7
5052	65
5052	9
5053	12
5053	7
5054	65
5055	65
5055	9
5056	65
5057	65
5057	9
5058	12
5058	7
5059	65
5060	9
5061	10
5062	9
5063	65
5064	65
5064	9
5065	10
5065	65
5065	9
5072	26
5072	28
5072	7
5073	3
5073	28
5074	3
5074	28
5075	3
5075	28
5075	7
5077	3
5077	28
5079	1
5079	3
5079	28
5079	9
5080	28
5082	28
5083	3
5083	28
5083	7
5084	28
5085	7
5086	7
5087	7
5088	7
5089	7
5090	7
5091	7
5092	69
5092	70
5092	12
5092	14
5093	12
5094	12
5095	70
5095	12
5096	12
5097	70
5097	12
5098	12
5099	70
5099	12
5100	12
5101	70
5101	12
5102	70
5102	12
5103	12
5104	12
5105	12
5106	12
5107	70
5107	12
5108	12
5109	12
5110	12
5111	70
5111	12
5112	12
5113	10
5114	12
5115	70
5115	12
5116	70
5116	12
5117	12
5118	12
5119	12
5120	12
5121	70
5121	12
5122	12
5122	19
5122	34
5123	37
5123	12
5123	19
5123	34
5123	111
5124	19
5125	10
5125	9
5126	1
5126	34
5126	19
5126	7
5126	9
5128	12
5128	19
5129	1
5129	3
5129	64
5129	74
5129	28
5129	34
5129	82
5129	7
5129	9
5130	1
5130	3
5130	28
5130	67
5130	9
5131	19
5131	9
5132	1
5132	19
5132	9
5134	7
5135	12
5135	19
5137	12
5137	19
5138	12
5138	19
5139	12
5139	19
5139	34
5140	10
5141	62
5141	10
5141	1
5141	60
5141	12
5142	37
5143	1
5143	3
5143	12
5143	28
5144	12
5144	19
5145	12
5145	19
5146	12
5146	19
5148	3
5148	28
5149	10
5150	28
5151	19
5152	7
5153	7
5154	7
5155	7
5156	18
5157	12
5157	19
5157	34
5158	12
5158	19
5158	34
5158	9
5159	12
5159	19
5160	12
5160	19
5160	34
5161	12
5161	19
5161	34
5163	12
5163	19
5163	34
5164	19
5166	12
5166	19
5167	70
5167	12
5167	19
5167	7
5170	12
5172	12
5172	34
5173	12
5175	12
5175	19
5175	7
5177	12
5177	34
5180	12
5181	12
5182	70
5182	12
5182	19
5182	7
5183	12
5183	34
5185	12
5186	12
5187	7
5188	7
5189	7
5190	12
5191	7
5192	7
5193	12
5194	19
5195	7
5196	9
5197	10
5198	37
5199	1
5200	61
5201	42
5202	18
5204	111
5205	65
5206	105
5207	34
5208	60
5209	113
5209	12
5210	28
5210	7
5211	12
5212	41
5213	127
5214	1
5216	50
5217	28
5217	67
5218	63
5219	6
5220	122
5221	125
5222	99
5223	12
5223	7
5224	12
5224	7
5225	12
5225	7
5227	12
5229	7
5232	12
5233	41
5234	12
5236	7
5237	7
5238	7
5239	7
5240	7
5241	7
5242	7
5243	7
5244	7
5246	12
5249	7
5250	7
5252	7
5253	70
5253	12
5254	12
5255	12
5256	12
5257	12
5258	12
5259	12
5260	12
5261	12
5262	12
5263	12
5264	12
5265	12
5266	12
5267	12
5268	12
5269	12
5270	12
5271	12
5272	12
5273	12
5274	12
5275	12
5276	12
5277	12
5278	12
5279	12
5280	12
5281	12
5282	12
5283	12
5283	7
5284	7
5286	7
5287	12
5288	7
5289	7
5291	3
5291	28
5293	10
5293	3
5293	7
5294	28
5294	7
5296	10
5296	61
5297	10
5297	61
5298	10
5298	61
5299	10
5300	9
5301	10
5301	61
5304	12
5304	9
5305	3
5305	9
5306	9
5307	9
5308	9
5309	34
5309	41
5311	10
5312	10
5312	7
5313	12
5314	12
5315	12
5317	12
5318	12
5319	12
5320	12
5322	12
5323	12
5324	12
5325	12
5326	12
5327	12
5328	12
5329	12
5330	12
5331	12
5332	12
5333	12
5334	12
5335	12
5337	12
5338	12
5339	12
5340	12
5341	12
5342	12
5343	70
5343	12
5343	7
5344	70
5344	12
5344	7
5345	7
5346	7
5347	7
5349	70
5349	12
5349	7
5350	7
5351	78
5351	7
5352	65
5352	7
5354	7
5355	65
5355	12
5355	7
5356	3
5356	9
5357	10
5357	65
5357	12
5357	7
5357	9
5358	28
5358	7
5359	10
5359	3
5359	12
5359	19
5359	34
5359	7
5359	9
5360	28
5360	7
5361	28
5361	7
5362	12
5363	10
5364	19
5365	7
5366	9
5367	18
5368	1
5368	3
5369	105
5370	3
5370	28
5370	7
5372	7
5373	65
5374	3
5374	28
5374	7
5375	12
5376	3
5376	28
5376	7
5377	10
5378	10
5379	18
5380	10
5381	12
5382	12
5382	7
5383	7
5384	7
5385	7
5386	70
5386	12
5387	12
5387	7
5388	7
5390	12
5390	7
5391	12
5391	7
5392	7
5393	12
5394	10
5394	7
5395	12
5396	19
5397	12
5397	7
5398	12
5398	7
5399	12
5399	7
5400	1
5400	3
5400	7
5401	7
5402	7
5403	1
5403	3
5403	9
5404	12
5404	7
5405	12
5406	12
5407	12
5408	12
5409	12
5410	12
5411	12
5412	12
5413	12
5414	12
5415	12
5416	12
5417	7
5418	10
5419	12
5420	9
5421	10
5422	12
5422	7
5423	65
5424	10
5424	105
5425	10
5425	61
5426	66
5427	10
5427	7
5428	10
5429	10
5429	61
5430	10
5430	61
5431	10
5432	10
5433	10
5434	10
5434	61
5435	10
5436	10
5437	10
5438	10
5439	10
5440	10
5441	10
5442	10
5443	63
5446	10
5447	7
5448	7
5449	7
5451	7
5452	70
5452	12
5452	7
5455	63
5456	7
5457	7
5458	7
5459	7
5460	7
5461	28
5461	7
5464	7
5465	7
5467	7
5469	7
5470	7
5471	7
5472	7
5473	7
5474	7
5475	7
5476	7
5477	70
5477	12
5477	7
5478	7
5479	7
5480	7
5481	70
5481	12
5481	7
5482	12
5482	7
5483	7
5484	7
5485	7
5486	7
5487	7
5488	7
5489	7
5490	7
5491	1
5491	3
5491	64
5491	28
5491	34
5491	61
5491	7
5491	9
5491	31
5492	1
5492	28
5492	67
5492	61
5492	7
5492	9
5492	31
5493	10
5493	1
5493	39
5493	61
5494	37
5494	1
5494	12
5495	12
5495	7
5498	12
5498	28
5498	67
5500	67
5501	28
5501	67
5501	7
5501	9
5502	28
5502	7
5503	1
5504	10
5504	1
5504	3
5504	64
5504	12
5504	28
5504	9
5505	28
5505	67
5505	7
5506	12
5507	10
5507	67
5507	7
5508	10
5509	10
5511	10
5512	12
5513	12
5514	12
5515	12
5515	19
5516	12
5517	12
5518	12
5519	12
5520	12
5522	12
5524	10
5524	12
5524	19
5524	34
5524	7
5526	10
5526	70
5526	12
5526	19
5527	12
5528	12
5529	12
5530	12
5531	12
5533	12
5534	12
5536	12
5537	12
5538	12
5539	12
5540	12
5542	12
5542	7
5543	19
5544	19
5545	19
5546	19
5547	19
5548	19
5549	19
5550	19
5551	19
5552	10
5552	28
5553	28
5554	28
5555	10
5557	9
5558	12
5558	9
5559	28
5560	9
5561	28
5561	7
5562	9
5563	28
5563	7
5564	12
5564	9
5565	7
5566	28
5566	7
5567	28
5567	7
5568	28
5568	7
5569	28
5569	7
5570	12
5570	7
5571	12
5572	12
5573	9
5574	9
5576	28
5576	7
5577	28
5577	7
5579	10
5580	28
5580	7
5581	28
5581	7
5582	10
5582	3
5582	65
5582	12
5582	34
5582	9
5583	65
5584	12
5584	7
5585	10
5585	3
5585	26
5585	65
5585	12
5585	7
5585	9
5586	12
5586	19
5586	7
5588	10
5588	65
5589	65
5590	65
5591	65
5592	26
5592	65
5592	9
5593	10
5593	65
5594	65
5595	65
5597	65
5599	65
5601	65
5602	65
5603	10
5603	65
5604	65
5605	65
5606	65
5607	65
5608	10
5608	75
5608	43
5608	65
5608	19
5608	31
5609	7
5610	65
5610	7
5611	10
5611	65
5612	12
5613	19
5614	19
5615	19
5616	19
5617	12
5617	19
5618	19
5619	19
5620	12
5620	19
5621	19
5622	19
5623	19
5624	19
5625	19
5625	9
5626	19
5626	34
5627	19
5628	3
5628	6
5628	9
5630	9
5632	9
5634	34
5635	12
5635	9
5636	12
5636	34
5637	12
5638	34
5639	34
5640	10
5640	12
5640	34
5640	7
5641	12
5643	12
5644	37
5644	10
5644	12
5644	19
5644	34
5644	41
5644	7
5644	9
5645	34
5646	12
5647	12
5648	3
5648	12
5649	34
5650	10
5651	19
5652	69
5652	34
5653	12
5654	7
5655	34
5656	12
5657	12
5658	34
5659	12
5660	19
5661	34
5662	10
5663	12
5664	12
5665	12
5666	12
5667	12
5668	12
5668	18
5669	12
5669	18
5670	12
5673	3
5673	28
5673	7
5675	7
5676	3
5676	28
5677	28
5677	7
5679	12
5681	9
5682	12
5682	9
5683	69
5683	10
5683	70
5683	12
5683	15
5683	9
5684	10
5684	12
5685	12
5686	113
5686	12
5686	34
5686	9
5687	1
5687	3
5687	113
5687	12
5687	28
5687	34
5688	28
5688	7
5689	3
5689	28
5689	7
5690	7
5691	28
5692	28
5692	7
5693	37
5693	10
5693	12
5693	74
5693	28
5693	19
5693	7
5693	9
5695	10
5695	12
5695	7
5696	28
5696	7
5699	3
5699	28
5699	7
5700	34
5700	7
5701	37
5701	10
5701	1
5701	3
5701	12
5701	28
5701	19
5701	7
5701	9
5702	12
5702	7
5703	12
5703	7
5707	10
5708	37
5708	10
5708	12
5708	19
5708	111
5709	10
5709	19
5709	7
5709	9
5710	10
5710	34
5711	10
5712	28
5713	10
5714	10
5715	10
5716	10
5716	12
5717	37
5718	10
5718	12
5719	37
5720	10
5721	37
5722	37
5723	37
5724	37
5725	19
5726	19
5727	19
5728	19
5729	19
5730	19
5731	19
5731	7
5732	12
5732	7
5733	7
5734	7
5735	7
5736	12
5736	7
5737	10
5738	10
5739	10
5740	10
5741	10
5742	10
5743	10
5745	7
5746	7
5747	7
5748	3
5748	7
5749	10
5749	3
5749	184
5749	7
5750	7
5751	7
5752	7
5753	12
5753	7
5755	12
5755	7
5756	7
5757	7
5758	7
5759	7
5760	7
5761	7
5762	7
5763	7
5764	7
5765	7
5766	7
5767	7
5768	7
5769	7
5770	7
5771	7
5772	7
5773	7
5775	12
5775	7
5776	70
5776	12
5778	12
5779	7
5780	12
5781	12
5781	7
5782	12
5782	7
5784	12
5785	12
5786	1
5786	3
5786	28
5786	9
5786	31
5787	12
5788	3
5788	9
5789	9
5790	10
5790	1
5790	3
5790	9
5791	3
5791	28
5791	9
5792	12
5792	9
5793	10
5793	1
5793	3
5793	28
5793	9
5794	7
5794	9
5795	9
5796	10
5796	9
5797	28
5797	9
5798	7
5798	9
5799	7
5799	9
5800	9
5802	12
5802	9
5803	9
5804	9
5805	1
5805	3
5805	12
5805	28
5805	19
5805	9
5806	9
5807	1
5807	3
5807	88
5807	34
5807	78
5807	48
5807	43
5807	26
5807	28
5807	30
5807	93
5807	9
5809	3
5809	28
5809	67
5810	3
5810	28
5810	67
5811	12
5811	18
5812	18
5813	18
5815	12
5815	18
5816	18
5817	18
5819	18
5820	18
5822	7
5823	7
5824	7
5825	7
5826	7
5827	7
5828	7
5829	7
5830	12
5830	7
5831	7
5832	7
5833	7
5834	7
5835	7
5836	7
5837	1
5837	3
5837	34
5837	26
5837	28
5837	30
5837	9
5838	1
5838	3
5838	28
5838	30
5839	1
5839	3
5839	34
5839	78
5839	187
5839	28
5839	102
5839	30
5839	9
5840	1
5840	3
5840	28
5842	1
5842	3
5842	28
5842	30
5843	1
5843	3
5843	34
5843	188
5843	12
5843	9
5844	7
5844	9
5845	3
5846	3
5848	3
5849	9
5850	19
5851	3
5852	1
5852	3
5852	7
5853	3
5854	1
5854	3
5855	1
5855	3
5856	3
5856	30
5857	3
5858	3
5859	1
5859	3
5860	3
5860	9
5861	3
5862	9
5863	3
5863	28
5863	9
5864	10
5864	1
5864	3
5864	89
5865	1
5866	3
5867	10
5867	65
5867	12
5867	19
5867	9
5869	12
5869	9
5870	12
5873	12
5874	12
5875	12
5876	12
5877	12
5878	12
5880	12
5881	12
5882	12
5883	12
5884	12
5887	12
5887	9
5889	9
5891	1
5891	3
5891	9
5892	9
5894	12
5895	9
5898	1
5898	3
5898	9
5899	9
5900	12
5900	9
5901	9
5902	9
5903	9
5905	12
5905	9
5907	12
5907	9
5908	9
5909	12
5909	82
5909	9
5912	9
5913	12
5913	9
5914	70
5914	12
5914	7
5915	12
5915	9
5916	9
5917	37
5918	1
5918	3
5919	12
5919	9
5920	12
5920	9
5921	9
5922	3
5922	28
5923	12
5923	9
5924	7
5926	12
5927	3
5927	7
5928	12
5929	12
5929	7
5931	12
5931	7
5932	12
5933	65
5933	7
5934	7
5935	12
5935	7
5936	10
5936	61
5937	7
5938	34
5938	7
5938	9
5939	10
5940	10
5941	7
5942	70
5942	12
5942	7
5943	28
5944	28
5945	28
5946	10
5947	70
5947	12
5948	12
5948	7
5949	12
5950	18
5951	12
5952	1
5952	3
5952	12
5952	9
5953	12
5955	12
5956	12
5957	12
5957	19
5958	12
5959	6
5959	127
5960	19
5961	41
5962	127
5963	3
5963	41
5964	12
5964	7
5965	7
5966	7
5967	7
5969	7
5970	18
5971	12
5972	18
5975	12
5976	37
5976	10
5976	50
5976	12
5976	19
5976	34
5976	41
5976	9
5977	12
5978	12
5980	12
5981	12
5982	19
5983	19
5984	12
5985	18
5986	12
5987	9
5988	12
5989	12
5990	12
5992	19
5993	12
5993	19
5994	19
5995	19
5996	12
5998	12
5998	111
5999	19
6000	19
6002	12
6002	19
6004	12
6004	19
6005	7
6006	7
6007	7
6008	7
6009	70
6009	12
6009	7
6010	7
6011	37
6011	12
6011	51
6012	37
6012	12
6013	37
6014	37
6014	50
6015	37
6015	12
6016	37
6017	37
6018	37
6018	70
6018	12
6018	14
6019	37
6019	12
6020	37
6020	12
6021	7
6023	37
6023	12
6023	51
6024	37
6025	37
6027	37
6027	12
6028	37
6028	10
6028	66
6028	69
6028	49
6028	50
6028	12
6028	67
6028	125
6029	37
6029	69
6029	50
6029	12
6029	125
6030	12
6031	3
6031	28
6031	67
6031	7
6033	37
6033	12
6034	10
6034	66
6035	12
6035	7
6036	7
6037	37
6037	12
6040	10
6041	9
6042	12
6042	7
6042	9
6043	9
6044	12
6044	42
6044	9
6044	31
6045	9
6047	9
6048	28
6048	7
6049	7
6052	12
6052	7
6054	28
6054	7
6057	70
6057	12
6059	70
6059	12
6059	7
6060	70
6060	12
6060	7
6061	7
6062	7
6063	12
6063	7
6064	7
6065	12
6066	12
6066	9
6067	70
6067	12
6067	7
6068	12
6069	12
6070	12
6071	70
6073	12
6074	12
6076	12
6076	7
6077	10
6078	10
6078	65
6079	60
6079	12
6080	49
6080	3
6080	34
6081	1
6081	3
6081	9
6082	41
6083	10
6083	1
6083	3
6083	7
6084	65
6085	12
6085	19
6086	42
6087	1
6087	3
6087	28
6088	18
6089	37
6090	1
6090	3
6091	189
6091	27
6092	43
6093	3
6093	12
6093	19
6094	1
6094	12
6094	9
6096	65
6097	7
6098	7
6099	7
6100	10
6100	3
6100	7
6101	7
6103	12
6103	7
6104	7
6105	7
6106	7
6108	7
6109	7
6110	7
6111	7
6112	7
6113	7
6114	7
6115	7
6116	7
6117	7
6118	7
6119	7
6122	7
6123	7
6124	7
6125	7
6126	7
6127	9
6128	7
6129	70
6129	9
6130	80
6130	9
6131	6
6132	9
6133	80
6134	19
6135	3
6135	9
6136	9
6137	9
6138	63
6139	42
6139	9
6140	10
6140	65
6140	9
6141	105
6142	37
6142	9
6143	18
6144	48
6144	9
6145	1
6145	9
6146	145
6147	60
6148	63
6148	9
6149	10
6150	191
6151	28
6151	67
6151	7
6152	125
6153	18
6154	18
6155	18
6157	12
6159	18
6160	18
6161	18
6162	23
6162	18
6163	12
6164	18
6165	12
6165	18
6167	18
6168	18
6169	7
6170	18
6171	23
6171	18
6172	18
6173	12
6174	12
6174	18
6175	9
6176	7
6177	18
6178	18
6180	12
6181	23
6181	18
6182	12
6182	7
6183	12
6183	7
6184	7
6185	12
6185	7
6186	12
6186	7
6187	12
6188	12
6189	12
6190	12
6191	12
6192	12
6193	12
6194	69
6194	10
6194	70
6194	12
6194	15
6194	9
6195	12
6195	34
6195	9
6196	12
6197	12
6198	12
6199	12
6201	12
6202	12
6203	12
6204	12
6205	12
6207	70
6207	12
6208	12
6209	12
6210	12
6211	12
6212	12
6214	12
6215	12
6216	70
6216	12
6217	12
6218	37
6218	10
6218	48
6218	63
6218	19
6218	28
6218	42
6218	34
6218	67
6218	7
6219	9
6220	70
6220	12
6220	9
6221	3
6221	9
6222	7
6222	9
6223	10
6223	9
6224	9
6225	9
6226	12
6226	9
6227	9
6228	9
6229	9
6230	9
6231	9
6232	12
6232	9
6233	10
6234	3
6234	9
6235	1
6235	3
6235	28
6235	7
6236	28
6236	7
6237	7
6238	28
6238	7
6239	69
6239	12
6239	9
6240	12
6240	9
6241	7
6242	28
6242	7
6243	7
6244	1
6244	12
6244	7
6244	9
6245	9
6246	7
6247	9
6248	12
6249	37
6249	28
6249	125
6250	37
6250	10
6250	3
6250	12
6250	7
6251	37
6251	10
6252	37
6253	37
6253	12
6254	37
6255	37
6255	50
6255	12
6255	7
6257	37
6257	12
6258	37
6259	37
6259	10
6259	1
6259	34
6259	9
6260	37
6260	10
6260	3
6260	60
6260	18
6260	69
6260	12
6260	125
6260	9
6260	31
6261	37
6261	7
6262	37
6263	37
6263	12
6263	28
6264	37
6264	125
6264	7
6265	37
6266	37
6266	3
6266	28
6266	9
6267	37
6267	125
6267	31
6268	37
6269	37
6270	7
6271	37
6271	125
6272	37
6273	37
6273	34
6274	37
6275	37
6276	37
6277	7
6278	37
6279	1
6279	3
6279	9
6280	9
6282	12
6282	9
6283	9
6284	12
6284	9
6286	9
6287	12
6287	19
6288	9
6289	19
6290	19
6291	19
6292	19
6293	19
6294	19
6295	19
6296	19
6297	12
6297	19
6298	19
6299	12
6299	19
6300	19
6301	19
6303	7
6304	7
6305	7
6306	7
6307	7
6308	7
6309	7
6310	7
6311	7
6312	7
6313	7
6314	7
6315	7
6316	7
6317	12
6317	7
6318	7
6319	7
6320	7
6321	70
6321	12
6321	19
6321	7
6322	7
6323	12
6323	7
6324	7
6325	7
6326	7
6327	7
6328	7
6329	7
6329	9
6331	7
6333	12
6334	12
6335	70
6335	12
6337	12
6338	12
6339	12
6340	12
6343	12
6345	12
6346	12
6347	12
6348	12
6349	12
6350	12
6352	12
6353	12
6354	12
6355	12
6356	12
6357	12
6357	7
6358	12
6359	12
6359	7
6360	12
6361	12
6361	7
6362	12
6363	12
6364	12
6365	12
6366	10
6367	10
6368	10
6368	65
6369	10
6369	192
6369	12
6369	34
6369	7
6369	105
6369	9
6370	63
6372	10
6373	70
6373	12
6374	28
6374	7
6375	7
6376	9
6377	37
6377	12
6378	37
6378	12
6379	37
6379	12
6381	10
6382	10
6383	12
6384	37
6384	12
6385	9
6386	3
6386	9
6387	12
6387	19
6387	9
6388	9
6389	3
6389	9
6390	9
6391	9
6392	34
6392	9
6393	9
6394	12
6394	7
6394	9
6395	9
6396	9
6397	9
6398	9
6399	9
6400	7
6400	9
6402	9
6403	9
6404	9
6405	3
6405	9
6406	10
6407	10
6410	10
6411	12
6411	7
6412	10
6413	10
6414	10
6415	10
6416	10
6417	10
6419	10
6420	10
6421	10
6422	10
6423	10
6424	10
6425	10
6426	28
6427	3
6427	28
6428	10
6429	10
6430	28
6431	10
6432	10
6433	10
6434	10
6435	10
6436	10
6436	65
6437	10
6437	65
6438	65
6439	65
6440	65
6440	123
6441	65
6442	10
6442	65
6443	65
6444	65
6445	65
6446	65
6447	65
6448	65
6449	65
6450	65
6451	12
6452	3
6452	65
6452	12
6452	7
6452	9
6453	65
6454	65
6456	65
6457	65
6458	65
6459	65
6460	65
6461	65
6461	7
6461	9
6462	65
6463	65
6464	65
6465	65
6465	12
6466	12
6466	9
6467	12
6468	12
6470	70
6470	12
6471	12
6472	12
6473	12
6474	12
6475	12
6477	12
6478	12
6479	12
6480	12
6481	12
6482	12
6483	12
6484	12
6485	12
6487	12
6488	12
6489	12
6490	12
6491	12
6492	12
6493	12
6494	12
6495	12
6496	70
6496	12
6497	9
6497	31
6499	7
6501	9
6502	12
6503	12
6503	111
6504	9
6505	12
6506	12
6507	12
6510	12
6511	19
6512	9
6513	10
6514	7
6515	37
6516	12
6516	19
6517	12
6517	19
6518	12
6518	19
6518	7
6518	9
6519	3
6519	28
6521	193
6522	3
6522	12
6522	9
6523	12
6523	7
6524	70
6524	12
6525	12
6525	7
6526	9
6527	9
6528	65
6528	12
6529	41
6530	12
6531	12
6531	7
6532	12
6532	7
6533	37
6533	12
6534	10
6534	65
6534	12
6535	12
6536	12
6536	19
6537	12
6537	9
6538	9
6539	10
6541	12
6542	12
6543	70
6543	12
6544	70
6544	12
6545	70
6545	12
6546	12
6548	12
6549	12
6550	12
6551	12
6552	1
6552	12
6553	12
6554	12
6555	12
6556	12
6557	12
6558	12
6559	12
6560	12
6560	34
6561	12
6562	12
6563	70
6563	12
6564	12
6565	12
6566	12
6567	12
6568	12
6569	12
6570	12
6571	12
6571	7
6572	12
6573	7
6576	7
6578	12
6578	7
6579	7
6580	12
6580	7
6581	12
6581	7
6582	7
6583	12
6583	7
6585	12
6585	7
6586	12
6586	7
6587	7
6588	70
6588	12
6589	70
6589	12
6589	7
6590	70
6591	12
6591	7
6592	7
6593	7
6594	70
6594	12
6595	7
6596	7
6598	7
6599	12
6600	70
6600	12
6600	7
6601	12
6602	12
6603	12
6604	12
6605	12
6606	12
6607	12
6608	12
6609	12
6610	12
6611	12
6612	12
6613	12
6614	12
6615	12
6616	12
6617	12
6618	12
6619	12
6620	12
6621	12
6622	12
6623	12
6623	7
6623	9
6624	12
6625	12
6626	12
6627	12
6628	12
6629	12
6630	12
6631	9
6632	9
6633	12
6634	12
6635	12
6636	12
6637	12
6638	12
6639	12
6640	12
6640	7
6641	12
6642	12
6643	12
6644	12
6645	12
6646	12
6647	12
6648	12
6649	12
6650	12
6651	12
6652	12
6653	12
6654	12
6655	12
6656	12
6657	12
6658	12
6659	12
6660	12
6661	12
6662	12
6663	9
6664	9
6665	9
6666	12
6666	9
6667	12
6668	9
6669	9
6670	9
6671	9
6672	9
6673	9
6674	9
6675	9
